price,square,rooms,studio,floor,floors_total,building_year,metro,metro_dist,time_to_metro,address,keep,photo,url,location
28970000,47.0,1,False,5,8.0,2027.0,метро Добрынинская,1500.0,23.0,"Москва, Даниловский, Дубининская 59 корпус 2",Не указано,https://cdn.esoft.digital/content/cluster/ecoobjects26/03/16/0196606ab1d1b463f419285c6b4a96ba27eec716.jpeg,https://msk.etagi.com/realty/12146164/,POINT(55.717857 37.636689)
20000000,40.0,1,False,4,22.0,2025.0,метро Народное Ополчение,600.0,9.0,"Москва, Хорошёво-Мнёвники, Демьяна Бедного 22а",Не указано,https://cdn.esoft.digital/content/cluster/ecoobjects26/03/0a/ce4cf48764e368e982d438bb5a59ac9d0e444a0a.jpeg,https://msk.etagi.com/realty/12137437/,POINT(55.779808 37.490739)
53500000,95.2,4,False,20,42.0,2025.0,метро Мичуринский проспект,600.0,9.0,"Москва, Очаково-Матвеевское, Озёрная 1 корпус 1",Не указано,https://cdn.esoft.digital/content/cluster/ecoobjects26/03/5f/27350a71d70b552adf19aca30adebadcc8c0a15f.jpeg,https://msk.etagi.com/realty/12117088/,POINT(55.687675 37.473213)
47000000,63.7,3,False,8,17.0,2025.0,метро Бауманская,500.0,8.0,"Москва, Басманный, Малая Почтовая 12",Не указано,https://cdn.esoft.digital/content/cluster/ecoobjects26/03/c5/45c665ec0665a318a93627388169fd3d348e8fc5.jpeg,https://msk.etagi.com/realty/12115044/,POINT(55.771788 37.689006)
21000000,47.6,2,False,3,37.0,2026.0,станция Нижегородская,1000.0,15.0,"Москва, Нижегородский, 3",Не указано,https://cdn.esoft.digital/content/cluster/eco_newhouses_photos/19/abf061b087db51551c23f72d500886b4d6fe2a19.jpeg,https://msk.etagi.com/realty/12103471/,POINT(55.737111 37.67943)
11583222,20.0,0,True,6,33.0,2025.0,станция Дегунино,900.0,14.0,"Москва, Алтуфьевский, Алтуфьевское шоссе 55 корпус 4",Не указано,https://cdn.esoft.digital/content/cluster/ecoobjects26/03/e1/440cc2c70303048cd601d705bc3605b96e1ac9e1.jpeg,https://msk.etagi.com/realty/12106305/,POINT(55.872657 37.581505)
27600000,40.5,2,False,3,33.0,2026.0,метро Павелецкая,1400.0,21.0,"Москва, Даниловский, 2",Не указано,https://cdn.esoft.digital/content/cluster/ecoobjects26/03/03/2eaaef7f5eb090ca64037d1e315d69f94d9dea03.jpeg,https://msk.etagi.com/realty/12097976/,POINT(55.710945 37.623573)
36500000,74.7,3,False,57,59.0,2028.0,метро Давыдково,1000.0,15.0,"Москва, Можайский, Верейская 29с34",Не указано,,https://msk.etagi.com/realty/12184143/,POINT(55.709784 37.438556)
25000000,43.2,2,False,19,19.0,2025.0,,,,"Москва, Савёловский, Старый Петровско-Разумовский проезд 1",Не указано,,https://msk.etagi.com/realty/12183786/,POINT(55.800959 37.564491)
59089000,82.61,3,False,16,28.0,2025.0,метро Нагатинская,300.0,5.0,"Москва, Нагатино-Садовники, Нагатинская к2вл1",Не указано,https://cdn.esoft.digital/content/cluster/layouts26/03/c8/f376f1038dc040459421a8ab0a92f493636860c8.jpeg,,POINT(55.681549 37.625226)
73000000,120.7,3,False,8,11.0,2026.0,станция Павшино,2500.0,38.0,"Москва, Кунцево, 21",Не указано,https://cdn.esoft.digital/content/cluster/ecoobjects26/03/60/32e808c9e643325ec424eba2c91179e00781cf60.png,https://msk.etagi.com/realty/12145373/,POINT(55.739341 37.403378)
18950000,38.7,1,False,49,53.0,2025.0,станция Трикотажная,300.0,5.0,"Москва, Покровское-Стрешнево, Волоколамское шоссе 97",Не указано,https://cdn.esoft.digital/content/cluster/ecoobjects26/03/22/0e2e326569a4cc3606a0492bea83f22a81844622.jpeg,https://msk.etagi.com/realty/12089850/,POINT(55.830639 37.399255)
15800000,24.0,0,True,27,31.0,2025.0,метро Верхние Лихоборы,400.0,6.0,"Москва, Западное Дегунино, Дмитровское шоссе 75/77",Не указано,https://cdn.esoft.digital/content/cluster/ecoobjects26/03/28/8943df046d90645ff128548ec27c8d3fc4606028.jpeg,https://msk.etagi.com/realty/12088802/,POINT(55.858185 37.55664)
29200000,43.0,1,False,3,21.0,2025.0,метро Терехово,700.0,11.0,"Москва, Хорошёво-Мнёвники, Нижние Мнёвники 7",Не указано,https://cdn.esoft.digital/content/cluster/ecoobjects26/03/9a/52650fbf5ee0d1ebac68bab5cf32ea874140979a.jpeg,https://msk.etagi.com/realty/12080061/,POINT(55.751047 37.450477)
12800000,28.6,0,True,6,8.0,2026.0,станция Бульвар Рокоссовского,1000.0,15.0,"Москва, Метрогородок, 6/1",Не указано,https://cdn.esoft.digital/content/cluster/ecoobjects26/03/46/3462acb2c8c43c4c7636c6b407b4194fb2eb2446.png,https://msk.etagi.com/realty/12073574/,POINT(55.823616 37.755841)
13900000,26.2,0,True,21,21.0,2025.0,метро Волгоградский проспект,200.0,3.0,"Москва, Южнопортовый, Новоостаповская 20 корпус 7",Не указано,https://cdn.esoft.digital/content/cluster/ecoobjects26/03/2f/7e430ab5881025e2bc5038dd68653f2c6294642f.jpeg,https://msk.etagi.com/realty/12066244/,POINT(55.723759 37.686024)
24900000,59.2,2,False,5,22.0,2025.0,станция Останкино,400.0,6.0,"Москва, Марфино, Академика Королёва 23",Не указано,https://cdn.esoft.digital/content/cluster/ecoobjects26/03/20/f7aee6a13ef6fe811a55741031dca0046c979e20.jpeg,https://msk.etagi.com/realty/12061092/,POINT(55.820718 37.600019)
35000000,58.0,2,False,3,15.0,2025.0,метро Нагорная,600.0,9.0,"Москва, Котловка, Ремизова 11 корпус 2",Не указано,https://cdn.esoft.digital/content/cluster/ecoobjects26/03/01/f812220c613f6fb9b8ed18a78ac4fc395b278001.jpeg,https://msk.etagi.com/realty/12056194/,POINT(55.676468 37.602921)
46850000,79.5,2,False,2,7.0,2025.0,метро Павелецкая,700.0,11.0,"Москва, Замоскворечье, Летниковская 6 корпус 2",Не указано,https://cdn.esoft.digital/content/cluster/ecoobjects26/03/f2/a8e8d899f2ab1a9f6982e339094b43ca5270f6f2.jpeg,https://msk.etagi.com/realty/12047476/,POINT(55.726801 37.643597)
51000000,78.0,2,False,26,51.0,2025.0,метро Мичуринский проспект,700.0,11.0,"Москва, Раменки, Василия Ланового 6 корпус 2",Не указано,https://cdn.esoft.digital/content/cluster/ecoobjects26/03/3b/8014e723cf9d99c7bebbee7b090e93703273b63b.jpeg,https://msk.etagi.com/realty/12046974/,POINT(55.692846 37.476788)
27000000,65.1,2,False,22,30.0,2025.0,метро Тушинская,1400.0,21.0,"Москва, Покровское-Стрешнево, Строительный проезд 9",Не указано,https://cdn.esoft.digital/content/cluster/ecoobjects26/03/93/47e8fc812687725e700ce90631cf3105ddae7f93.jpeg,https://msk.etagi.com/realty/12041833/,POINT(55.836676 37.422243)
21443729,53.8,2,False,16,16.0,2025.0,станция Перово,700.0,11.0,"Москва, Новогиреево, Кусковская 12/1",Не указано,https://cdn.esoft.digital/content/cluster/ecoobjects26/03/2d/f023bff468ffbc2938dbcc2687faba5936812e2d.jpeg,https://msk.etagi.com/realty/12011637/,POINT(55.737639 37.776089)
20800000,53.2,2,False,12,42.0,2026.0,станция Москворечье,1200.0,18.0,"Москва, Москворечье-Сабурово, 3",Не указано,https://cdn.esoft.digital/content/cluster/ecoobjects26/03/e4/8a6c7f2a7d58f6a32dcc43acedd5ddb46329fae4.jpeg,https://msk.etagi.com/realty/11999127/,POINT(55.642697 37.671148)
24500000,46.3,1,False,17,57.0,2027.0,метро Беломорская,1100.0,17.0,"Москва, Левобережный, Ленинградское шоссе 57с2",Не указано,https://cdn.esoft.digital/content/cluster/ecoobjects26/03/29/12872427729638f903da415693fe2ef1bc834729.jpeg,https://msk.etagi.com/realty/11998500/,POINT(55.854891 37.465524)
45500000,70.3,3,False,18,32.0,2026.0,метро Павелецкая,1400.0,21.0,"Москва, Даниловский, 3",Не указано,https://cdn.esoft.digital/content/cluster/ecoobjects26/03/77/b45ff7dfd0cd442834ae1f52271c994b7efe9577.jpeg,https://msk.etagi.com/realty/11997309/,POINT(55.710631 37.622989)
11780000,23.9,1,False,17,24.0,2025.0,метро Боровское шоссе,700.0,11.0,"Москва, Солнцево, Производственная 19 корпус 1",Не указано,https://cdn.esoft.digital/content/cluster/ecoobjects26/03/a0/394e42334f0dbc880cc865628517d0139bea01a0.jpeg,https://msk.etagi.com/realty/11994637/,POINT(55.645969 37.380687)
22000000,44.0,2,False,56,61.0,2025.0,метро Кожуховская,500.0,8.0,"Москва, Печатники, 1",Не указано,https://cdn.esoft.digital/content/cluster/ecoobjects26/03/8b/5eeb9e72d92092e4db5db7763d00de525410dc8b.jpeg,https://msk.etagi.com/realty/11993516/,POINT(55.694616 37.727346)
26000000,62.0,2,False,2,26.0,2025.0,метро Верхние Лихоборы,300.0,5.0,"Москва, Западное Дегунино, Дмитровское шоссе 73бк1",Не указано,https://cdn.esoft.digital/content/cluster/ecoobjects26/03/50/e0ab1a2a1ad0b623facb5b886777c1226c4f7350.jpeg,https://msk.etagi.com/realty/11970332/,POINT(55.8567 37.556658)
29950000,39.15,2,False,6,20.0,2025.0,станция Фили,400.0,6.0,"Москва, Филёвский Парк, к5",Не указано,https://cdn.esoft.digital/content/cluster/ecoobjects26/03/28/d8addc03d2cd377972bc3c6f29e5ac6a61d59b28.jpeg,https://msk.etagi.com/realty/11932838/,POINT(55.739524 37.483328)
50000000,87.4,3,False,29,55.0,2025.0,станция Марьина Роща,500.0,8.0,"Москва, Марьина Роща, 4-я улица Марьиной Рощи 10 корпус 3",Не указано,https://cdn.esoft.digital/content/cluster/ecoobjects26/03/ff/fb244c3cb291c04e09795c98de466c0a712aafff.jpeg,https://msk.etagi.com/realty/11932767/,POINT(55.796516 37.625487)
16600000,46.3,2,False,32,33.0,2025.0,станция Перерва,700.0,11.0,"Москва, Люблино, 14.5",Не указано,https://cdn.esoft.digital/content/cluster/ecoobjects26/02/11/97dfacc6b78ee7094b8444248057c57f65e23211.png,https://msk.etagi.com/realty/11916096/,POINT(55.675682 37.761869)
16000000,50.2,2,False,18,23.0,2026.0,,,,"Москва, Куркино, Куркинское шоссе 15",Не указано,https://cdn.esoft.digital/content/cluster/ecoobjects26/02/24/6d8152c178607fea2e8c2b0f42c32e1bd5b60824.jpeg,https://msk.etagi.com/realty/11909639/,POINT(55.884272 37.40336)
16900000,42.0,1,False,11,31.0,2026.0,станция Бульвар Рокоссовского,1100.0,17.0,"Москва, Метрогородок, Тагильская 6/1 корпус 2",Не указано,https://cdn.esoft.digital/content/cluster/ecoobjects26/02/c7/0f99462acf3b5e5da2caab3146e26039fe8968c7.jpeg,https://msk.etagi.com/realty/11905060/,POINT(55.814963 37.756209)
17300000,33.8,1,False,6,29.0,2025.0,метро Кожуховская,500.0,8.0,"Москва, Печатники, 7",Не указано,https://cdn.esoft.digital/content/cluster/ecoobjects26/02/0f/b93187d553f4147cb0de331e0ea5a66b5f17c70f.jpeg,https://msk.etagi.com/realty/11897343/,POINT(55.694616 37.727346)
28190000,37.7,0,True,8,22.0,2026.0,станция Савёловская,700.0,11.0,"Москва, Марьина Роща, Полковая 1 корпус 1",Не указано,https://cdn.esoft.digital/content/cluster/ecoobjects26/02/26/f6288187f6758cfe35bc7a89547938be79877e26.jpeg,https://msk.etagi.com/realty/11894600/,POINT(55.798561 37.598142)
18540000,38.6,1,False,2,16.0,2025.0,метро Бунинская аллея,1100.0,17.0,"Москва, Сосенское, Бартеневская 18 корпус 1",Не указано,https://cdn.esoft.digital/content/cluster/ecoobjects26/02/cd/e18dc0ac5e6c3e97859eb714941ed4259d585ecd.jpeg,https://msk.etagi.com/realty/11883669/,POINT(55.547601 37.51609)
26500000,42.6,2,False,5,23.0,2026.0,метро Кунцевская,800.0,12.0,"Москва, Кунцево, Ивана Франко 20 корпус 2",Не указано,https://cdn.esoft.digital/content/cluster/ecoobjects26/02/99/964bada241d20ea64c0053d5829b05a19809a399.jpeg,https://msk.etagi.com/realty/11870383/,POINT(55.728221 37.435035)
14500000,29.9,0,True,22,29.0,2025.0,метро Новые Черёмушки,900.0,14.0,"Москва, Черёмушки, Намёткина вл10",Не указано,https://cdn.esoft.digital/content/cluster/ecoobjects26/02/89/2b3fb2a31954823704e7b797de563281babc4589.png,https://msk.etagi.com/realty/11876523/,POINT(55.662075 37.553235)
8600000,20.1,0,True,4,14.0,2026.0,станция Лихоборы,500.0,8.0,"Москва, Тимирязевский, к3.5",Не указано,https://cdn.esoft.digital/content/cluster/ecoobjects26/02/24/1be23da4c383df581cd723a451cc7d29d807da24.jpeg,https://msk.etagi.com/realty/11874207/,POINT(55.833981 37.552085)
28000000,53.0,1,False,16,27.0,2025.0,метро ЗИЛ,1100.0,17.0,"Москва, Даниловский, к13",Не указано,https://cdn.esoft.digital/content/cluster/ecoobjects26/03/7c/d88fa5a534afea3dfa3bc7277037e3d244ca527c.jpeg,https://msk.etagi.com/realty/11873951/,POINT(55.71199 37.631883)
17900000,36.8,1,False,23,30.0,2025.0,метро Дубровка,300.0,5.0,"Москва, Южнопортовый, Новоостаповская 16 корпус 1",Не указано,https://cdn.esoft.digital/content/cluster/ecoobjects26/02/33/98f9d46c2e29502940d1460c06504af83b4e4233.jpeg,https://msk.etagi.com/realty/11860119/,POINT(55.720905 37.677391)
19000000,32.0,2,False,2,38.0,2025.0,метро Волгоградский проспект,300.0,5.0,"Москва, Южнопортовый, 1.1",Не указано,https://cdn.esoft.digital/content/cluster/ecoobjects26/02/fe/c999c6b788fd52a6670c96ddd88f6114e05ec2fe.jpeg,https://msk.etagi.com/realty/11836514/,POINT(55.699964 37.686653)
14950000,36.3,1,False,11,12.0,2025.0,станция Калитники,500.0,8.0,"Москва, Нижегородский, Автомобильный проезд 4с4",Не указано,https://cdn.esoft.digital/content/cluster/ecoobjects26/02/7d/ba1e7432f30b307326ad97f92ccfc3bb580fba7d.jpeg,https://msk.etagi.com/realty/11778740/,POINT(55.72998 37.698933)
18500000,24.0,0,True,10,17.0,2025.0,метро Серпуховская,1300.0,20.0,"Москва, Даниловский, Дубининская 59 корпус 5",Не указано,https://cdn.esoft.digital/content/cluster/ecoobjects26/02/62/54a1d69d0c4045a0181788f9c7a35ad3207d2662.jpeg,https://msk.etagi.com/realty/11770041/,POINT(55.717857 37.636689)
37600000,57.0,2,False,19,40.0,2027.0,станция Беговая,200.0,3.0,"Москва, Хорошёвский, 3-й Хорошёвский проезд 6с",Не указано,https://cdn.esoft.digital/content/cluster/ecoobjects26/02/bb/6dac65af35a382e4bfa525b238379214e7c38bbb.jpeg,https://msk.etagi.com/realty/11758893/,POINT(55.773312 37.539967)
19500000,49.8,2,False,18,45.0,2026.0,станция Нижегородская,800.0,12.0,"Москва, Нижегородский, 1",Не указано,https://cdn.esoft.digital/content/cluster/ecoobjects26/02/de/797b87091b572e9de3ba84123ea34972da327fde.jpeg,https://msk.etagi.com/realty/11747729/,POINT(55.737111 37.67943)
11700000,20.1,0,True,16,24.0,2025.0,станция Лихоборы,600.0,9.0,"Москва, Тимирязевский, к3.4",Не указано,https://cdn.esoft.digital/content/cluster/ecoobjects26/02/12/9ca37652f5148104036e57597668e3d80690e912.jpeg,https://msk.etagi.com/realty/11680181/,POINT(55.833981 37.552085)
14800000,42.7,1,False,7,24.0,2025.0,метро Битцевский парк,1400.0,21.0,"Москва, Чертаново Центральное, 3",Не указано,https://cdn.esoft.digital/content/cluster/ecoobjects26/02/04/0fb364c0e38d28aa424e63ba2adea96b63322c04.jpeg,https://msk.etagi.com/realty/11705722/,POINT(55.61388 37.604098)
12300000,19.7,0,True,10,24.0,2026.0,станция Новохохловская,600.0,9.0,"Москва, Текстильщики, 1-й Грайвороновский проезд 7ак3",Не указано,https://cdn.esoft.digital/content/cluster/ecoobjects26/01/ee/96060e7a0e3e32dd7374990d8302192c4289a9ee.jpeg,https://msk.etagi.com/realty/10967035/,POINT(55.720372 37.722549)
15150000,37.3,1,False,7,47.0,2027.0,метро Кожуховская,600.0,9.0,"Москва, Печатники, 2",Не указано,https://cdn.esoft.digital/content/cluster/ecoobjects26/01/b2/b353d9b51235ee9a59e1b1b75a0839eed687bcb2.jpeg,https://msk.etagi.com/realty/10965737/,POINT(55.694616 37.727346)
17000000,22.6,0,True,4,25.0,2025.0,метро Павелецкая,600.0,9.0,"Москва, Замоскворечье, Летниковская 6 корпус 1",Не указано,https://cdn.esoft.digital/content/cluster/ecoobjects26/01/a8/37ae20e096d5543a6199e544e72619ab8527a3a8.jpeg,https://msk.etagi.com/realty/10958283/,POINT(55.727546 37.642788)
6990000,24.31,0,True,14,15.0,2025.0,метро Говорово,1700.0,26.0,"Москва, Солнцево, 6 корпус 1",Не указано,https://cdn.esoft.digital/content/cluster/ecoobjects26/01/c8/2554226f968206833b5dabbecad74f69dfd2dfc8.jpeg,https://msk.etagi.com/realty/10927458/,POINT(55.644943 37.418075)
23700000,59.6,2,False,3,19.0,2026.0,метро Солнцево,700.0,11.0,"Москва, Солнцево, Производственная 12 корпус 2",Не указано,https://cdn.esoft.digital/content/cluster/ecoobjects26/01/6e/eaeb43589c6382de69b8c4314fc7474e375b126e.jpeg,https://msk.etagi.com/realty/10905894/,POINT(55.643058 37.391107)
23500000,47.0,1,False,15,24.0,2025.0,метро Фонвизинская,500.0,8.0,"Москва, Бутырский, Огородный проезд 20",Не указано,https://cdn.esoft.digital/content/cluster/ecoobjects26/01/b3/e8284d8fe94c40443839a23e8db069aa91c0beb3.jpeg,https://msk.etagi.com/realty/10864305/,POINT(55.819686 37.594001)
40000000,86.0,4,False,24,55.0,2025.0,станция Марьина Роща,400.0,6.0,"Москва, Марьина Роща, 4-я улица Марьиной Рощи 12с9",Не указано,https://cdn.esoft.digital/content/cluster/ecoobjects26/01/84/56a6c967a58c4d00b7f6b79462ea02bef1dcc884.png,https://msk.etagi.com/realty/10860642/,POINT(55.797832 37.625379)
37990000,67.0,2,False,6,22.0,2025.0,метро Терехово,100.0,2.0,"Москва, Хорошёво-Мнёвники, 1",Не указано,https://cdn.esoft.digital/content/cluster/ecoobjects26/03/ae/0a911616c20aa70bbe9988b2ae7e2a62bd8204ae.jpeg,https://msk.etagi.com/realty/10849832/,POINT(55.778011 37.473995)
19800000,46.71,1,False,7,30.0,2028.0,метро Печатники,1300.0,20.0,"Москва, Печатники, Южнопортовая 21с52",Не указано,https://cdn.esoft.digital/content/cluster/ecoobjects25/12/49/4f0a5cdbb0b3f8fec68307bb8141dd3cf6488749.jpeg,https://msk.etagi.com/realty/10735766/,POINT(55.700146 37.711356)
13700000,34.0,1,False,19,24.0,2026.0,станция Новопеределкино,400.0,6.0,"Москва, Солнцево, Производственная 25с1",Не указано,https://cdn.esoft.digital/content/cluster/ecoobjects25/12/cb/170b8ebc297bb0eda841ee0091bd9c49d1a4aecb.jpeg,https://msk.etagi.com/realty/10734114/,POINT(55.642149 37.38189)
10500000,25.1,0,True,40,45.0,2027.0,метро Медведково,1200.0,18.0,"Москва, Северное Медведково, 1.4",Не указано,https://cdn.esoft.digital/content/cluster/ecoobjects26/01/9d/2180162178dcdf7586bf7bcff8c8bd1f6079889d.jpeg,https://msk.etagi.com/realty/10715914/,POINT(55.888336 37.655634)
16580000,42.3,1,False,10,24.0,2026.0,станция Бульвар Рокоссовского,1000.0,15.0,"Москва, Метрогородок, Тагильская 6/5",Не указано,https://cdn.esoft.digital/content/cluster/ecoobjects25/12/be/dc5e30f80014cefb7d8fa014fba8a1c5c00dd0be.png,https://msk.etagi.com/realty/10659500/,POINT(55.813551 37.753649)
19900000,35.8,1,False,3,32.0,2025.0,метро Багратионовская,700.0,11.0,"Москва, Филёвский Парк, к7",Не указано,https://cdn.esoft.digital/content/cluster/ecoobjects25/12/09/7186870c6f52f7ead1fab9407253aeb4420ad109.jpeg,https://msk.etagi.com/realty/10653784/,POINT(55.739524 37.483328)
39000000,42.8,2,False,9,45.0,2026.0,станция Фили,400.0,6.0,"Москва, Дорогомилово, Кутузовский проезд 16а",Не указано,https://cdn.esoft.digital/content/cluster/ecoobjects/d3/3f/a7a038a3b4e4a9b0c33679345a984f07d7003fd3.jpeg,https://msk.etagi.com/realty/10623303/,POINT(55.744977 37.520815)
14000000,45.01,1,False,11,30.0,2026.0,,,,"Москва, Бирюлёво Восточное, к2",Не указано,https://cdn.esoft.digital/content/cluster/ecoobjects/bf/ef/4e7d07c7dc18d6c20950c9fb4bef05a9cca9efbf.png,https://msk.etagi.com/realty/10602488/,POINT(55.594591 37.678649)
25500000,75.1,3,False,23,39.0,2027.0,метро Каширская,1200.0,18.0,"Москва, Москворечье-Сабурово, 1.4",Не указано,https://cdn.esoft.digital/content/cluster/ecoobjects26/01/6f/7dcf02a0f3fc7106997479686b6d81f3a5e3d26f.jpeg,https://msk.etagi.com/realty/10573405/,POINT(55.642697 37.671148)
39000000,56.1,3,False,26,28.0,2026.0,станция Зорге,300.0,5.0,"Москва, Хорошёвский, Зорге 24с4",Не указано,https://cdn.esoft.digital/content/cluster/ecoobjects/3c/fc/c591d8199622323394ab3d43a06e0cad6d58fc3c.jpeg,https://msk.etagi.com/realty/10536241/,POINT(55.79018 37.508373)
14500000,53.88,2,False,16,16.0,2025.0,станция Новоподрезково,900.0,14.0,"Москва, ЖК Молжаниново, Ленинградское шоссе 229бк2",Не указано,https://cdn.esoft.digital/content/cluster/ecoobjects/fc/89/46f89b4408c5e742e13ca02f2373739ee09789fc.jpeg,https://msk.etagi.com/realty/10530854/,POINT(55.934669 37.365595)
13150000,35.0,1,False,24,24.0,2026.0,станция Лихоборы,500.0,8.0,"Москва, Тимирязевский, к3.6",Не указано,https://cdn.esoft.digital/content/cluster/ecoobjects/7e/6c/6baeba86a5bb780dc99d3bf67778030ee0aa6c7e.jpeg,https://msk.etagi.com/realty/10501073/,POINT(55.833981 37.552085)
17000000,38.7,1,False,22,40.0,2027.0,станция Новохохловская,900.0,14.0,"Москва, Текстильщики, 1-й Грайвороновский проезд 2/2",Не указано,https://cdn.esoft.digital/content/cluster/ecoobjects/85/d1/fc672a0dadd16c5ab8b41460a7f2ceeef2a1d185.jpeg,https://msk.etagi.com/realty/10461163/,POINT(55.719511 37.728505)
9900000,32.4,1,False,11,16.0,2025.0,станция Новоподрезково,700.0,11.0,"Москва, ЖК Молжаниново, к3",Не указано,https://cdn.esoft.digital/content/cluster/ecoobjects/f2/2d/f3b4f48157311dd5929bb027fb402d86188b2df2.jpeg,https://msk.etagi.com/realty/10396956/,POINT(55.933857 37.36157)
74000000,68.1,2,False,7,9.0,2025.0,станция Хорошёво,1200.0,18.0,"Москва, Хорошёво-Мнёвники, Шелепихинская набережная 38 корпус 8",Не указано,https://cdn.esoft.digital/content/cluster/ecoobjects/94/9c/8f3036d29f5120dcb6508cf9928a5827b4e29c94.jpeg,https://msk.etagi.com/realty/10377096/,POINT(55.766881 37.499992)
34800000,44.0,0,True,12,28.0,2025.0,станция Останкино,300.0,5.0,"Москва, Марфино, Академика Королёва 21кк21",Не указано,https://cdn.esoft.digital/content/cluster/ecoobjects/c5/a3/40697a1a347a0149fb28c61f2acab20fee81a3c5.jpeg,https://msk.etagi.com/realty/10365070/,POINT(55.819909 37.60231)
18800000,45.9,1,False,24,29.0,2026.0,станция Нижегородская,1100.0,17.0,"Москва, Нижегородский, 5",Не указано,https://cdn.esoft.digital/content/cluster/ecoobjects/37/0b/0f3d9d215ca697e75d218136b51e3be784660b37.jpeg,https://msk.etagi.com/realty/10247005/,POINT(55.737111 37.67943)
16700000,24.6,0,True,8,29.0,2026.0,метро Печатники,900.0,14.0,"Москва, Печатники, Южнопортовая 42 с4",Не указано,https://cdn.esoft.digital/content/cluster/ecoobjects/d6/f9/83285f7fa3e5afdbf88e3378ae3a74a3fb05f9d6.jpeg,https://msk.etagi.com/realty/10225633/,POINT(55.691694 37.713908)
9600000,35.19,1,False,2,15.0,2025.0,метро Румянцево,1800.0,27.0,"Москва, Солнцево, к2",Не указано,https://cdn.esoft.digital/content/cluster/ecoobjects/fb/f6/e153dbc564d29b410bafc02b513714495d4ef6fb.jpeg,https://msk.etagi.com/realty/10152487/,POINT(55.644816 37.417661)
19900000,41.0,1,False,8,30.0,2026.0,станция Стрешнево,200.0,3.0,"Москва, Щукино, к2.1",Не указано,https://cdn.esoft.digital/content/cluster/ecoobjects/9e/93/22babcbd9d8a03a421037e16193cd7aeb845939e.jpeg,https://msk.etagi.com/realty/10007245/,POINT(55.800595 37.473519)
11000000,26.2,0,True,2,21.0,2026.0,метро Охотный Ряд,200.0,3.0,"Москва, Сосенское, 6 корпус 1",Не указано,https://cdn.esoft.digital/content/cluster/ecoobjects/ce/7c/0bd40df86b74aff3456cc992bfd37bb4113e7cce.jpeg,https://msk.etagi.com/realty/9968300/,POINT(55.604534 37.44992)
13700000,23.6,0,True,28,33.0,2025.0,метро Бутырская,500.0,8.0,"Москва, Бутырский, Добролюбова 8 корпус 1",Не указано,https://cdn.esoft.digital/content/cluster/ecoobjects/3b/af/a9aa573a5a1dd561828ef054ed81ee538a72af3b.jpeg,https://msk.etagi.com/realty/9943091/,POINT(55.810658 37.595564)
24880000,50.9,2,False,2,30.0,2025.0,,,,"Москва, Очаково-Матвеевское, Озёрная 42с7",Не указано,https://cdn.esoft.digital/content/cluster/ecoobjects/6a/a4/99a87d37c3ffc88390e58800c47fd8906904a46a.jpeg,https://msk.etagi.com/realty/9768299/,POINT(55.670696 37.445293)
8100000,20.1,0,True,14,17.0,2025.0,станция Перерва,700.0,11.0,"Москва, Люблино, 14.2",Не указано,https://cdn.esoft.digital/content/cluster/ecoobjects/62/05/9579d456a0cd3a4201f2e7e20fef95cd973c0562.jpeg,https://msk.etagi.com/realty/9752373/,POINT(55.675682 37.761869)
10150000,26.2,0,True,2,21.0,2026.0,метро Охотный Ряд,200.0,3.0,"Москва, Сосенское, 6кор1",Не указано,https://cdn.esoft.digital/content/cluster/ecoobjects/e2/69/aad750de49a71f62085581a5200f44d8651069e2.jpeg,https://msk.etagi.com/realty/9712854/,POINT(55.604534 37.44992)
11880000,32.2,1,False,14,32.0,2026.0,метро Пятницкое шоссе,1600.0,24.0,"Москва, Митино, Муравская 38бк2",Не указано,https://cdn.esoft.digital/content/cluster/ecoobjects/70/47/461c0d5641145cc68ee1216f04b42f420dbf4770.jpeg,https://msk.etagi.com/realty/9694869/,POINT(55.864591 37.375539)
11200000,22.8,0,True,4,23.0,2025.0,станция Лихоборы,1300.0,20.0,"Москва, Западное Дегунино, к3",Не указано,https://cdn.esoft.digital/content/cluster/ecoobjects/e6/3d/3766db62e8b80385938ac499a319b45aafad3de6.jpeg,https://msk.etagi.com/realty/9652661/,POINT(55.866627 37.519126)
36500000,65.0,2,False,34,49.0,2025.0,станция Дмитровская,500.0,8.0,"Москва, Савёловский, 2-я Хуторская вл34кс",Не указано,https://cdn.esoft.digital/content/cluster/ecoobjects/c5/f6/e470662ff4a262d00d169852c716b7ffc433f6c5.jpeg,https://msk.etagi.com/realty/9580937/,POINT(55.806095 37.571147)
26000000,46.0,2,False,29,30.0,2025.0,метро Мичуринский проспект,600.0,9.0,"Москва, Раменки, 5",Не указано,https://cdn.esoft.digital/content/cluster/ecoobjects/db/7c/c58e7d56db2605b61e430aad1865e82ec55a7cdb.jpeg,https://msk.etagi.com/realty/9177997/,POINT(55.692587 37.494889)
31000000,61.0,2,False,6,27.0,2025.0,станция Москва-Товарная,800.0,12.0,"Москва, Лефортово, к31",Не указано,https://cdn.esoft.digital/content/cluster/ecoobjects/b7/d8/5ef30c402428d78718a713a46bdeff3aa40dd8b7.png,https://msk.etagi.com/realty/9082958/,POINT(55.764698 37.706757)
36500000,68.2,3,False,12,30.0,2025.0,метро Мичуринский проспект,700.0,11.0,"Москва, Очаково-Матвеевское, к3",Не указано,https://cdn.esoft.digital/content/cluster/ecoobjects/a2/ff/656125f95f4696bd2fda48869757ab10474cffa2.jpeg,https://msk.etagi.com/realty/9043268/,POINT(55.689654 37.448563)
12699000,38.2,2,False,10,68.0,2027.0,метро Кожуховская,600.0,9.0,"Москва, Печатники, 3",Не указано,https://cdn.esoft.digital/content/cluster/ecoobjects/6f/15/58212a73ad45839b528c9ac0b9c14e1149b8156f.jpeg,https://msk.etagi.com/realty/8554772/,POINT(55.694616 37.727346)
21000000,40.4,1,False,21,24.0,2025.0,,,,"Москва, Чертаново Центральное, 4",Не указано,https://cdn.esoft.digital/content/cluster/ecoobjects/d6/7e/d706aa003304dd74d60866cac419aa989c1d7ed6.jpeg,https://msk.etagi.com/realty/8478710/,POINT(55.61388 37.604098)
19000000,42.8,1,False,26,28.0,2025.0,метро Тушинская,1500.0,23.0,"Москва, Покровское-Стрешнево, Строительный проезд 9 корпус 1",Не указано,https://cdn.esoft.digital/content/cluster/ecoobjects/e8/91/fac45723cb407cbdc1200ab4abc379a4a7ec91e8.jpeg,https://msk.etagi.com/realty/7645799/,POINT(55.836676 37.422243)
22300000,42.6,1,False,4,23.0,2025.0,метро Ботанический сад,800.0,12.0,"Москва, Ростокино, к4",Не указано,https://cdn.esoft.digital/content/cluster/ecoobjects/3d/f7/2ddc575431285d16218a1245f856793070a2f73d.jpeg,https://msk.etagi.com/realty/5829486/,POINT(55.839224 37.668408)
23500000,47.0,1,False,26,34.0,2025.0,метро Воронцовская,500.0,8.0,"Москва, Обручевский, Архитектора Власова 71 корпус 1",Не указано,https://cdn.esoft.digital/content/cluster/ecoobjects/81/ae/6ec74a3d607109954d44b66e923ffb1fe951ae81.png,https://msk.etagi.com/realty/9672928/,POINT(55.659322 37.532205)
15900000,63.0,2,False,21,25.0,2025.0,станция Перерва,1100.0,17.0,"Москва, Люблино, к3",Не указано,https://cdn.esoft.digital/content/cluster/ecoobjects26/03/4a/1f01c8d8ec6f2463a7017e1f6212842636a8834a.jpeg,https://msk.etagi.com/realty/1773523/,POINT(55.675682 37.761869)
10950000,22.6,0,True,27,33.0,2026.0,станция Лихоборы,1300.0,20.0,"Москва, Западное Дегунино, Ильменский проезд 4 корпус 1",Не указано,https://cdn.esoft.digital/content/cluster/ecoobjects/9d/2a904aedbb32365e98502d9b1f59d7f24cd99a9d.png,https://msk.etagi.com/realty/11707111/,POINT(55.859296 37.551178)
19500000,27.3,0,True,3,29.0,2026.0,станция Аминьевская,200.0,3.0,"Москва, Раменки, Мосфильмовская 100",Не указано,https://cdn.esoft.digital/content/cluster/ecoobjects/4b/47c0967fce4faa98dbb0776351e9079d6e0c594b.jpeg,https://msk.etagi.com/realty/947972/,POINT(55.698137 37.47139)
11500000,38.51,2,False,18,21.0,2025.0,станция Калитники,500.0,8.0,"Москва, Нижегородский, Автомобильный проезд 4 корпус 2кв6006",Не указано,https://cdn.esoft.digital/content/cluster/ecoobjects/3e/afd8479a11d678a66bcbe1e0915c2cf4c760373e.jpeg,https://msk.etagi.com/realty/844925/,POINT(55.729787 37.696382)
25500000,40.0,2,False,28,53.0,2026.0,станция Трикотажная,500.0,8.0,"Москва, Покровское-Стрешнево, Волоколамское шоссе 95/1",Не указано,https://cdn.esoft.digital/content/cluster/ecoobjects/b2/f3/1da2f40217c35255b183622aa1b0f32fdbeff3b2.jpeg,https://msk.etagi.com/realty/5731456/,POINT(55.83024 37.404546)
15300000,25.78,0,True,3,30.0,2025.0,станция Покровское-Стрешнево,300.0,5.0,"Москва, Щукино, 3-й Красногорский проезд 5",Не указано,https://cdn.esoft.digital/content/cluster/photos/9a/52/9cc26c12acc44c25770e1f6d6fbe263988c4529a.jpeg,https://msk.etagi.com/realty/615359/,POINT(55.81386 37.481549)
9500000,21.1,1,False,6,16.0,2026.0,метро Коммунарка,1000.0,15.0,"посёлок Газопровод, Сосенское, к2.2",Не указано,https://cdn.esoft.digital/content/cluster/ecoobjects26/03/b7/7457023ac132fb3ffe3a8ef673ac89a678d5a7b7.jpeg,https://msk.etagi.com/realty/11963501/,POINT(55.580803 37.478819)
15300000,47.03,2,False,13,17.0,2026.0,метро Прокшино,1900.0,29.0,"посёлок Газопровод, Сосенское, 2",Не указано,https://cdn.esoft.digital/content/cluster/ecoobjects/5c/86/6084add09d2ace0992ec38b38998f6af52b5865c.jpeg,https://msk.etagi.com/realty/10368804/,POINT(55.580803 37.478819)
15500000,38.0,1,False,14,25.0,2026.0,,,,"Московский, Киевское шоссе 1ка",Не указано,https://cdn.esoft.digital/content/cluster/ecoobjects26/03/19/906efa48afa90c601bcf5b8e6e042f86c8051219.jpeg,https://msk.etagi.com/realty/12162784/,POINT(55.625872 37.439212)
18300000,51.4,2,False,12,12.0,2025.0,метро Новомосковская,900.0,14.0,"Сосенское, 3.2",Не указано,https://cdn.esoft.digital/content/cluster/ecoobjects26/03/48/ddeb8425bc032a827a4dd42cce0733039a6ee448.jpeg,https://msk.etagi.com/realty/12158563/,POINT(55.57833 37.465892)
9500000,23.0,0,True,10,17.0,2025.0,,,,"Сосенское, Эдварда Грига 7",Не указано,https://cdn.esoft.digital/content/cluster/ecoobjects26/03/d3/444dcaa4a44b517c4af3b33db34ec236870524d3.jpeg,https://msk.etagi.com/realty/12137142/,POINT(55.5608 37.498393)
16250000,53.2,2,False,3,19.0,2025.0,метро Потапово,2200.0,33.0,"Сосенское, 9.1",Не указано,https://cdn.esoft.digital/content/cluster/ecoobjects26/03/9e/43bf5f42f329a9c887389af5865170a81fa3319e.png,https://msk.etagi.com/realty/12075974/,POINT(55.57833 37.465892)
9200000,22.7,0,True,15,20.0,2025.0,метро Прокшино,1000.0,15.0,"Сосенское, Братьев Гранат 8",Не указано,https://cdn.esoft.digital/content/cluster/ecoobjects26/03/42/9b68e0358b85ebe4d8023d072eb8e3f5b2b88642.jpeg,https://msk.etagi.com/realty/12073632/,POINT(55.59427 37.44011)
14700000,53.1,3,False,6,9.0,2025.0,,,,"Мосрентген, 5с4 корпус 1",Не указано,https://cdn.esoft.digital/content/cluster/ecoobjects26/03/c3/6397907215decb3ec382e06c834cccd8033b64c3.png,https://msk.etagi.com/realty/12068044/,POINT(55.62176 37.473599)
15200000,36.2,1,False,4,15.0,2025.0,,,,"Сосенское, Лобановский Лес 7",Не указано,https://cdn.esoft.digital/content/cluster/ecoobjects26/03/7d/84c50966221597ca2f8e04ecd4f2689f0051ab7d.jpeg,https://msk.etagi.com/realty/12022446/,POINT(55.596086 37.431944)
12000000,39.1,1,False,8,16.0,2025.0,,,,"Десёновское, к4.2",Не указано,https://cdn.esoft.digital/content/cluster/ecoobjects26/03/b3/e8156c67d35bf199a2badf7bdb7ab84fe800d3b3.png,https://msk.etagi.com/realty/12009637/,POINT(nan nan)
14000000,48.7,2,False,8,15.0,2026.0,,,,"Десёновское, к4.3",Не указано,https://cdn.esoft.digital/content/cluster/ecoobjects26/03/9b/2f265457e75ed63ffe35164d9df691d4d6cdb79b.png,https://msk.etagi.com/realty/12009032/,POINT(nan nan)
24750000,60.0,3,False,11,17.0,2025.0,метро Потапово,1700.0,26.0,"Сосенское, проспект Куприна 7 корпус 1",Не указано,https://cdn.esoft.digital/content/cluster/ecoobjects26/03/7d/8adf6201e39807cbfec3a21e935f9ecfcf79f57d.jpeg,https://msk.etagi.com/realty/11971059/,POINT(55.541112 37.47554)
16500000,64.3,1,False,4,12.0,2026.0,,,,"Десёновское, к4.1",Не указано,https://cdn.esoft.digital/content/cluster/ecoobjects26/03/f3/2eb6227ce7092ffe013b073a750f0d0ef2a47ef3.jpeg,https://msk.etagi.com/realty/11889447/,POINT(nan nan)
24500000,70.4,3,False,5,7.0,2025.0,метро Потапово,1800.0,27.0,"Сосенское, проспект Куприна 9 корпус 2",Не указано,https://cdn.esoft.digital/content/cluster/ecoobjects26/02/03/38511a04f7c6ef1a10cedb5211222207172bcd03.jpeg,https://msk.etagi.com/realty/11883415/,POINT(55.540037 37.47633)
9390000,33.45,1,False,2,10.0,2025.0,,,,"Филимонковское, к11",Не указано,https://cdn.esoft.digital/content/cluster/ecoobjects26/03/a9/18a7664a02f26a035e28f400229d73584eebaea9.jpeg,https://msk.etagi.com/realty/11883174/,POINT(nan nan)
10400000,37.0,1,False,6,14.0,2027.0,,,,"жилой район Новые Ватутинки, 2",Не указано,https://cdn.esoft.digital/content/cluster/ecoobjects26/02/4d/2fd1ddd34fa4e0b3f7d6ffccbcf85ada5b34d94d.jpeg,https://msk.etagi.com/realty/11877459/,POINT(55.518525 37.348805)
13500000,37.6,2,False,3,16.0,2025.0,метро Новомосковская,800.0,12.0,"Сосенское, 1в",Не указано,https://cdn.esoft.digital/content/cluster/ecoobjects26/02/79/111887217d2d07b9220b5fb1661f10315be13579.jpeg,https://msk.etagi.com/realty/11873608/,POINT(nan nan)
15199999,38.5,1,False,8,15.0,2025.0,,,,"Десёновское, 4.9",Не указано,https://cdn.esoft.digital/content/cluster/ecoobjects26/02/7f/17fada35e80a1370334f581305dc4623b05c707f.jpeg,https://msk.etagi.com/realty/11833236/,POINT(55.499571 37.366619)
13350000,30.1,0,True,4,15.0,2025.0,,,,"Филимонковское, Харлампиева 32",Не указано,https://cdn.esoft.digital/content/cluster/ecoobjects26/02/93/0764ef04a9024a6baef0a1366b49db7af01cfb93.jpeg,https://msk.etagi.com/realty/11811255/,POINT(55.550845 37.318936)
8150000,25.6,0,True,6,25.0,2025.0,,,,"Мосрентген, к2.2",Не указано,https://cdn.esoft.digital/content/cluster/ecoobjects26/02/37/44d1c6b32a8dd15dfb81be34c28cdd08bdb84737.png,https://msk.etagi.com/realty/11792664/,POINT(55.618024 37.464904)
14500000,37.3,2,False,14,17.0,2025.0,,,,"Сосенское, 28.3",Не указано,https://cdn.esoft.digital/content/cluster/ecoobjects26/02/c1/a1363c1434ca5ece18810d847e1bdf747aadaec1.png,https://msk.etagi.com/realty/11781412/,POINT(55.57833 37.465892)
14000000,33.28,1,False,10,18.0,2026.0,,,,"Внуковское, жкгородскиеистории,копр.1 корпус 2",Не указано,https://cdn.esoft.digital/content/cluster/ecoobjects26/02/cd/175fd64bfb6036254c61347778a82cebdd2b8acd.jpeg,https://msk.etagi.com/realty/11691077/,POINT(55.632708 37.323572)
12700000,34.5,1,False,8,19.0,2025.0,метро Потапово,2100.0,32.0,"Сосенское, 9.3",Не указано,https://cdn.esoft.digital/content/cluster/eco_newhouses_photos/34/42e04fd3cf99b2e97b055affb321a427b7bd7c34.jpeg,https://msk.etagi.com/realty/10949590/,POINT(55.57833 37.465892)
12499000,26.0,0,True,9,25.0,2026.0,,,,"Московский, к1",Не указано,https://cdn.esoft.digital/content/cluster/ecoobjects26/01/86/7bfee5c93b01d6c9a2f7270228b24867f0283d86.jpeg,https://msk.etagi.com/realty/10851533/,POINT(55.602149 37.346551)
10700000,40.9,1,False,2,17.0,2026.0,метро Улица Горчакова,1800.0,27.0,"Сосенское, 18.2.6",Не указано,https://cdn.esoft.digital/content/cluster/ecoobjects25/12/61/3edc3d7ce78feba9c64d066a50d20b453288c861.png,https://msk.etagi.com/realty/10693858/,POINT(55.57833 37.465892)
12000000,32.2,1,False,5,18.0,2026.0,,,,"Мосрентген, 1",Не указано,https://cdn.esoft.digital/content/cluster/eco_newhouses_photos/f8/9344cf5d0dff0324a6b2b8d042c6b9289a1b77f8.jpeg,https://msk.etagi.com/realty/10655071/,POINT(55.61511 37.476133)
16950000,39.6,2,False,12,15.0,2025.0,метро Прокшино,900.0,14.0,"Сосенское, 10.1",Не указано,https://cdn.esoft.digital/content/cluster/ecoobjects/3e/b9/70fba1eb820c5489cc532b62afd050f56952b93e.jpeg,https://msk.etagi.com/realty/10211723/,POINT(55.57833 37.465892)
12500000,36.7,1,False,5,17.0,2025.0,метро Бунинская аллея,2700.0,41.0,"Сосенское, 7.3",Не указано,https://cdn.esoft.digital/content/cluster/ecoobjects/2b/24/66321a0ba17bbb4abb6d7965d72a1361b7ce242b.jpeg,https://msk.etagi.com/realty/9810112/,POINT(55.57833 37.465892)
22900000,58.0,2,False,9,22.0,2025.0,метро Филатов Луг,600.0,9.0,"Сосенское, Большое Понизовье 8",Не указано,https://cdn.esoft.digital/content/cluster/ecoobjects26/03/18/b7c10cb7cc7d00e40a4376efc57e9c21ac7a9b18.jpeg,https://msk.etagi.com/realty/9714907/,POINT(55.605678 37.414436)
14600000,38.9,2,False,10,16.0,2025.0,,,,"Сосенское, 28.1",Не указано,https://cdn.esoft.digital/content/cluster/ecoobjects/56/59/a5c09dedd54ef4122fba276af6a4ae32a4485956.jpeg,https://msk.etagi.com/realty/9118010/,POINT(55.57833 37.465892)
15500000,58.1,2,False,5,18.0,2028.0,,,,"Московский, 74.2",Не указано,https://cdn.esoft.digital/content/cluster/ecoobjects/dc/23/5f6bdeed70e112bd855fb59e812bc901c4d323dc.png,https://msk.etagi.com/realty/9040032/,POINT(55.602149 37.346551)
20000000,87.3,4,False,6,9.0,2025.0,метро Бунинская аллея,2700.0,41.0,"Сосенское, 7.1",Не указано,https://cdn.esoft.digital/content/cluster/ecoobjects/6b/12/2a15ebcbe2eae1a68c4968fa12811b9a1874126b.jpeg,https://msk.etagi.com/realty/5702766/,POINT(55.57833 37.465892)
7100000,25.12,0,True,14,17.0,2025.0,,,,"Филимонковское, к12",Не указано,https://cdn.esoft.digital/content/cluster/ecoobjects/cb/e80377231973cd346b432f2bd2c0870cde3cb8cb.jpeg,https://msk.etagi.com/realty/976485/,POINT(nan nan)
33000000,84.0,3,False,24,33.0,2025.0,станция Бульвар Рокоссовского,600.0,9.0,"Москва, Метрогородок, Тагильская 2",Не указано,,https://msk.etagi.com/realty/12179786/,POINT(55.818028 37.748475)
136426000,74.9,2,False,7,18.0,2026.0,метро Воробьёвы горы,900.0,14.0,"Москва, Хамовники, hl1",Не указано,https://cdn.esoft.digital/content/cluster/ecoobjects/a0/44/38aae8fbab01e360840fa5734c9ee97fb62244a0.jpeg,,POINT(55.729199 37.574534)
15150120,38.2,2,False,29,35.0,2026.0,станция Ростокино,800.0,12.0,"Москва, Свиблово, проспект Мира 211 корпус 2",Не указано,https://cdn.esoft.digital/content/cluster/ecoobjects26/01/a8/67217bfd454dd0952142c1588a4f5457b938aaa8.jpeg,,POINT(55.845855 37.662093)
26603572,43.7,1,False,21,35.0,2025.0,метро Технопарк,300.0,5.0,"Москва, Даниловский, проспект Андропова 18 корпус 9",Не указано,https://cdn.esoft.digital/content/cluster/ecoobjects26/03/61/33687b209d880e8d83d83cec48d4b94ee4752b61.jpeg,,POINT(55.691734 37.660557)
89563320,113.93,5,False,30,30.0,2025.0,станция Покровское-Стрешнево,300.0,5.0,"Москва, 3-й Красногорский проезд 5",Не указано,https://cdn.esoft.digital/content/cluster/ecoobjects/12/27/9b9af1535df09fde9d4f53ee286d07a656e02712.jpeg,,POINT(55.81386 37.481549)
459395000,330.0,0,True,1,19.0,2025.0,метро Савёловская,300.0,5.0,"Москва, Беговой, Бумажный проезд 19с2",Не указано,https://cdn.esoft.digital/content/cluster/ecoobjects/f4/bd/f1940d1a661a7120a271193b68833aa53806bdf4.jpeg,,POINT(55.789861 37.585628)
31284110,77.31,3,False,7,10.0,2026.0,станция Трикотажная,500.0,8.0,"Москва, Покровское-Стрешнево, Волоколамское шоссе 95/1 корпус 11",Не указано,https://cdn.esoft.digital/content/cluster/ecoobjects/fc/b83827262f942c909f9e57a26f087f72e3d05cfc.jpeg,,POINT(55.83024 37.404546)
25703245,61.35,2,False,20,52.0,2026.0,станция Трикотажная,500.0,8.0,"Москва, Покровское-Стрешнево, Волоколамское шоссе 95/1 корпус 7",Не указано,https://cdn.esoft.digital/content/cluster/ecoobjects/f7/98fc818b2aef1ef1f58ccd6b9ff0ef34d5edadf7.jpeg,,POINT(55.829977 37.405732)
121814604,129.72,0,True,30,82.0,2027.0,метро Деловой центр,400.0,6.0,"Москва, Пресненский, 1-й Красногвардейский проезд",Не указано,https://cdn.esoft.digital/content/cluster/ecoobjects/bf/735706de8002d5ea2044062722b9e828a04118bf.jpeg,,POINT(55.752308 37.541045)
41227590,174.9,5,False,2,14.0,2025.0,,,,"Сосенское, 3.4",Не указано,https://cdn.esoft.digital/content/cluster/ecoobjects26/03/7a/a11812f0125165f1d3423cfa4ce05c68af8b1a7a.png,,POINT(55.57833 37.465892)
19492460,39.5,2,False,12,15.0,2025.0,,,,"Десёновское, к4.4",Не указано,https://cdn.esoft.digital/content/cluster/ecoobjects26/03/2e/d964131e83e95d52368e34db2829b55df73d472e.jpeg,,POINT(nan nan)
25907840,64.0,4,False,7,12.0,2025.0,,,,"Десёновское, 4/4",Не указано,https://cdn.esoft.digital/content/cluster/ecoobjects26/03/47/f0b50942c606ef8f048a1df3a749dded81523e47.jpeg,,POINT(nan nan)
16520414,38.6,2,False,4,18.0,2025.0,метро Бунинская аллея,2600.0,39.0,"Сосенское, 5",Не указано,https://cdn.esoft.digital/content/cluster/ecoobjects26/03/20/6610156e492168397d5503cc67ba7a46e8cd2120.png,,POINT(nan nan)
25100787,73.0,2,False,2,15.0,2025.0,метро Прокшино,900.0,14.0,"Сосенское, 10.1.1",Не указано,https://cdn.esoft.digital/content/cluster/ecoobjects26/03/2a/04e3e3ccda78ac68e7927fbb1d258d2633ebfb2a.jpeg,,POINT(55.604804 37.427642)
20796560,47.0,2,False,5,16.0,2025.0,метро Прокшино,800.0,12.0,"Сосенское, 7",Не указано,https://cdn.esoft.digital/content/cluster/ecoobjects26/03/d0/31a85a868fcddbdba93930c18f71e7170da25bd0.png,,POINT(nan nan)
15746211,35.1,1,False,8,13.0,2025.0,метро Прокшино,1000.0,15.0,"Сосенское, 11.2",Не указано,https://cdn.esoft.digital/content/cluster/ecoobjects26/03/9e/f3896a8a60a78ae16bcb22d8c5192794d071b59e.png,,POINT(55.57833 37.465892)
26465280,64.0,3,False,8,15.0,2025.0,метро Прокшино,1100.0,17.0,"Сосенское, к10.1.1",Не указано,https://cdn.esoft.digital/content/cluster/ecoobjects26/03/80/9bc711bcf54dabee2fcd664efe79a92cfeb53d80.png,,POINT(nan nan)
23928530,64.1,2,False,2,34.0,2025.0,станция Дегунино,1100.0,17.0,"Москва, Алтуфьевский, Алтуфьевское шоссе 53",Не указано,https://cdn.esoft.digital/content/cluster/layouts26/03/2b/e30d0851aa28b5f7c7dd6ce3b7c889f0a5adc52b.jpeg,,POINT(55.873092 37.584838)
37160143,47.03,1,False,57,73.0,2026.0,станция Площадь Гагарина,600.0,9.0,"Москва, Донской, 5-й Донской проезд вл21 корпус 6",Не указано,https://cdn.esoft.digital/content/cluster/layouts26/03/71/97df8e87347100e6a81abb17a8e3644824d22d71.png,,POINT(55.703124 37.592716)
60557040,60.4,2,False,24,32.0,2025.0,метро Павелецкая,800.0,12.0,"Москва, Даниловский, Летниковская 11 корпус 5",Не указано,https://cdn.esoft.digital/content/cluster/layouts26/03/c8/314365385aceeb6ab47f981e293d0c00f3109ec8.jpeg,,POINT(55.726183 37.644962)
20820897,38.77,1,False,28,54.0,2025.0,станция Трикотажная,300.0,5.0,"Москва, Покровское-Стрешнево, б2",Не указано,https://cdn.esoft.digital/content/cluster/layouts26/03/aa/a1902278af63dc380f8e494c955b9a05b3fc6baa.jpeg,,POINT(55.82268 37.44259)
59524000,64.05,2,False,16,33.0,2025.0,станция Белорусская,800.0,12.0,"Москва, Пресненский, Пресненский Вал 27 корпус 2/1",Не указано,https://cdn.esoft.digital/content/cluster/layouts26/03/b3/9ad5b1b88ce2e9d6bc0281b5ad295e1fca3a8bb3.png,,POINT(55.772998 37.572989)
30662503,40.23,1,False,24,25.0,2025.0,метро Нагатинская,300.0,5.0,"Москва, Нагатино-Садовники, Нагатинская к3вл1",Не указано,https://cdn.esoft.digital/content/cluster/layouts26/03/18/e8fc31f26575d32197565bc2b5c2e3b90e713918.jpeg,,POINT(55.681331 37.631766)
57500000,45.5,2,False,55,26.0,2025.0,станция Белорусская,500.0,8.0,"Москва, Пресненский, к2.1",Не указано,https://cdn.esoft.digital/content/cluster/layouts26/03/f3/e2eaae7e5c6c3fe4abb552ba1ba835af1d1155f3.jpeg,,POINT(55.760449 37.571381)
18305600,34.0,1,False,2,14.0,2027.0,метро Медведково,1200.0,18.0,"Москва, Северное Медведково, 1.6",Не указано,https://cdn.esoft.digital/content/cluster/layouts26/03/96/027ad09c05a31255b44b78a84b1b6cb92402e996.jpeg,,POINT(55.888336 37.655634)
24228657,63.81,2,False,2,32.0,2025.0,станция Ховрино,1200.0,18.0,"Москва, Западное Дегунино, Ижорская 6 корпус 7",Не указано,https://cdn.esoft.digital/content/cluster/layouts26/03/fb/ccf096c5ce962d8d8068d3e31e46d057fdb6b7fb.jpeg,,POINT(55.882474 37.505283)
11557040,25.3,0,True,12,50.0,2027.0,метро Медведково,1200.0,18.0,"Москва, Северное Медведково, 1.5",Не указано,https://cdn.esoft.digital/content/cluster/layouts26/03/cc/f096e428f0a73775f0d2d11c90532930d7f894cc.jpeg,,POINT(55.888336 37.655634)
28000000,62.5,2,False,32,35.0,2025.0,метро Нагатинская,1300.0,20.0,"Москва, Нагатино-Садовники, 5",Не указано,https://cdn.esoft.digital/content/cluster/layouts26/03/9a/36c5240937c6cb8426143dc5d9e8ff27ea3e309a.jpeg,,POINT(55.682904 37.646947)
27590930,46.4,2,False,12,13.0,2026.0,метро Кожуховская,800.0,12.0,"Москва, Печатники, 14",Не указано,https://cdn.esoft.digital/content/cluster/layouts26/03/ab/e5c1828ec8d35c21ff2b93b7b0b110043d11a4ab.jpeg,,POINT(55.694616 37.727346)
31173313,56.3,3,False,11,23.0,2026.0,,,,"Москва, Печатники, 13",Не указано,https://cdn.esoft.digital/content/cluster/layouts26/03/69/c2cc46fa1b45f279fb0fcd7a416ee3a5e66aa269.jpeg,,POINT(55.694616 37.727346)
59388390,82.7,2,False,21,24.0,2025.0,метро Ботанический сад,600.0,9.0,"Москва, Ростокино, Сельскохозяйственная 26с11",Не указано,https://cdn.esoft.digital/content/cluster/layouts26/03/97/63d0a87a3e641e13b791e94104279e45277a1297.png,,POINT(55.838986 37.637201)
257919540,196.6,4,False,3,11.0,2025.0,метро Крестьянская Застава,1100.0,17.0,"Москва, Даниловский, 1-й Дербеневский переулок 3",Не указано,https://cdn.esoft.digital/content/cluster/layouts26/03/ed/7167c078064b31fb98d82e38602f3ea7a07418ed.jpeg,,POINT(55.72487 37.65311)
575688960,277.2,4,False,18,17.0,2027.0,станция Площадь Гагарина,700.0,11.0,"Москва, Донской, к2",Не указано,https://cdn.esoft.digital/content/cluster/layouts26/03/5b/7dafbbbd7d25d1ee9eec9daf0eaa09d35ed0ce5b.png,,POINT(55.708161 37.59825)
15359126,34.0,1,False,13,24.0,2025.0,станция Новопеределкино,500.0,8.0,"Москва, Солнцево, к6",Не указано,https://cdn.esoft.digital/content/cluster/layouts26/03/00/3b306d22e4a250f829481e0001df0b29fdabb400.jpeg,,POINT(55.644943 37.418075)
22184360,50.8,2,False,10,25.0,2025.0,станция Депо,1100.0,17.0,"Москва, Люблино, к12",Не указано,https://cdn.esoft.digital/content/cluster/layouts26/03/e7/cd50562760a34ff89dbc140f9591ac3e616f93e7.jpeg,,POINT(55.675682 37.761869)
72077802,79.55,3,False,20,39.0,2027.0,станция Поклонная,700.0,11.0,"Москва, Раменки, к2",Не указано,https://cdn.esoft.digital/content/cluster/layouts26/03/c1/bc4328eccefccf200f1850c36c2b4385716831c1.png,,POINT(55.6942 37.494548)
32790000,43.8,2,False,9,9.0,2025.0,метро Озёрная,300.0,5.0,"Москва, Очаково-Матвеевское, вл42",Не указано,https://cdn.esoft.digital/content/cluster/layouts26/03/bb/2271a50020746c00e2bd600d0eddcb685dc8b8bb.jpeg,,POINT(55.689654 37.448563)
45690000,68.4,3,False,15,28.0,2025.0,метро Озёрная,300.0,5.0,"Москва, Очаково-Матвеевское, Озёрная вл42",Не указано,https://cdn.esoft.digital/content/cluster/layouts26/03/17/580114ef8845ccc44ee6d45962e93c6c00485217.jpeg,,POINT(55.669818 37.444153)
51652296,84.3,3,False,6,10.0,2025.0,метро Свиблово,400.0,6.0,"Москва, Свиблово, Снежная 20а",Не указано,https://cdn.esoft.digital/content/cluster/layouts26/03/52/8458e489f09f43d73e3631f4530993b5fad48c52.png,,POINT(55.851869 37.648888)
18649348,37.8,1,False,24,10.0,2025.0,станция Новопеределкино,600.0,9.0,"Москва, Солнцево, Производственная 19ак2",Не указано,https://cdn.esoft.digital/content/cluster/layouts26/03/8f/8c879cdfa8b1798faffd06bf5bcc07250afc4a8f.jpeg,,POINT(55.644318 37.380687)
43303896,81.0,3,False,21,26.0,2025.0,станция Хорошёво,1100.0,17.0,"Москва, Хорошёво-Мнёвники, 3",Не указано,https://cdn.esoft.digital/content/cluster/layouts26/03/40/4c037441daa8da02690fd3d4e82359dba2bc7f40.png,,POINT(55.778011 37.473995)
17617741,29.3,0,True,12,38.0,2026.0,метро Технопарк,400.0,6.0,"Москва, Даниловский, к1",Не указано,https://cdn.esoft.digital/content/cluster/layouts26/03/9f/761ab555f1bcdaec7846826c2055f17de933189f.jpeg,,POINT(55.712289 37.624022)
18416343,37.0,1,False,16,19.0,2025.0,станция Курьяново,700.0,11.0,"Москва, Марьино, 2",Не указано,https://cdn.esoft.digital/content/cluster/layouts26/02/27/216b285ae9752e20a2fd8feb36677986fdf36d27.png,,POINT(55.549516 37.323697)
111852656,140.7,4,False,25,24.0,2027.0,станция Красный Балтиец,600.0,9.0,"Москва, Аэропорт, к1",Не указано,https://cdn.esoft.digital/content/cluster/layouts26/02/a4/9080cec3569d5ca1eb337be828461828ccd200a4.jpeg,,POINT(55.800362 37.53305)
12837933,35.28,1,False,3,14.0,2025.0,станция Новоподрезково,600.0,9.0,"Москва, ЖК Молжаниново, 4",Не указано,https://cdn.esoft.digital/content/cluster/layouts26/02/e3/d0c7fd644b7acd1e7eaa7345c58cf0d9cc6a53e3.png,,POINT(55.93299 37.366835)
202577512,254.7,8,False,36,37.0,2025.0,метро Мичуринский проспект,700.0,11.0,"Москва, Очаково-Матвеевское, к1",Не указано,https://cdn.esoft.digital/content/cluster/layouts26/02/1a/50d57b5b8f4e2c728e5be7f71c0442cfd9e0861a.jpeg,,POINT(55.689654 37.448563)
724450000,291.2,7,False,3,7.0,2025.0,метро Курская,600.0,9.0,"Москва, Басманный, Подсосенский переулок 3 корпус 2",Не указано,https://cdn.esoft.digital/content/cluster/layouts26/02/27/61ae057a963d2d695648dc506886d06e304c3327.jpeg,,POINT(55.759111 37.650963)
34069700,83.3,3,False,13,14.0,2025.0,станция Лихоборы,600.0,9.0,"Москва, Тимирязевский, к3.2",Не указано,https://cdn.esoft.digital/content/cluster/layouts26/02/b9/af1df46a23eb4af42b7b8bd3096dd0dd34ad00b9.jpeg,,POINT(55.833981 37.552085)
30534358,32.9,0,True,7,37.0,2027.0,метро Белорусская,300.0,5.0,"Москва, Беговой, Ленинградский проспект вл8",Не указано,https://cdn.esoft.digital/content/cluster/layouts26/02/3e/51eba269d1d51e59a95bc82c7cf6ed249c96af3e.png,,POINT(55.780335 37.580939)
27519940,52.7,2,False,20,25.0,2025.0,метро Свиблово,600.0,9.0,"Москва, Бабушкинский, 2.1",Не указано,https://cdn.esoft.digital/content/cluster/layouts26/01/f2/177d28a1b2b5622f4e122674fd2f61a7d4b490f2.jpeg,,POINT(55.867086 37.665821)
91966366,60.29,2,False,6,14.0,2026.0,метро Киевская,900.0,14.0,"Москва, Дорогомилово, Кутузовский проспект 2/1 корпус 1б",Не указано,https://cdn.esoft.digital/content/cluster/layouts26/01/c1/5bb8bfe313d38b8dcccef487467c37fd98998bc1.jpeg,,POINT(55.751584 37.564212)
170338154,183.0,6,False,41,42.0,2025.0,,,,"Москва, Очаково-Матвеевское, к2",Не указано,https://cdn.esoft.digital/content/cluster/layouts/66/a03c092c027b2d5d84e1cbb4d9c7269f5e265666.jpeg,,POINT(55.689654 37.448563)
47383235,130.9,4,False,1,17.0,2025.0,станция Электрозаводская,700.0,11.0,"Москва, Басманный, Большая Почтовая 18/20с6",Не указано,https://cdn.esoft.digital/content/cluster/layouts/4e/396503e5c7ae00562581b09b217840013beaf14e.jpeg,,POINT(55.775262 37.695762)
22113872,38.9,1,False,23,24.0,2025.0,метро Свиблово,700.0,11.0,"Москва, Бабушкинский, 2.2",Не указано,https://cdn.esoft.digital/content/cluster/layouts/2a/3d3173ba5cf751e85cdcd058e566ba00380e4a2a.jpeg,,POINT(55.867086 37.665821)
18464095,29.6,0,True,6,32.0,2025.0,метро Багратионовская,700.0,11.0,"Москва, Филёвский Парк, к8",Не указано,https://cdn.esoft.digital/content/cluster/layouts/ad/26ac8d697dc6fd54a38b7b12fa24b8a1b85d32ad.png,,POINT(55.739524 37.483328)
67779510,104.1,3,False,4,55.0,2025.0,станция Марьина Роща,400.0,6.0,"Москва, Марьина Роща, 4-я улица Марьиной Рощи 10 корпус 7",Не указано,https://cdn.esoft.digital/content/cluster/layouts/98/c2d1b93876cc3bfd8cd2802c4f1f1e562397bc98.jpeg,,POINT(55.796516 37.625487)
504590000,348.7,0,True,18,22.0,2025.0,метро Улица 1905 года,800.0,12.0,"Москва, Пресненский, Сергея Макеева вл11/9с1-10",Не указано,https://cdn.esoft.digital/content/cluster/layouts/bb/2e45d359b0b841ba5dc07ebe23f68eddfc1359bb.jpeg,,POINT(55.762996 37.549489)
107285330,105.2,4,False,36,45.0,2026.0,метро Нагатинский Затон,500.0,8.0,"Москва, Нагатинский Затон, Корабельная 1",Не указано,https://cdn.esoft.digital/content/cluster/layouts/5c/f429725effe7de312af706634ebc12ab30c9ad5c.jpeg,,POINT(55.688355 37.69843)
18522000,36.0,1,False,5,24.0,2026.0,станция Новохохловская,800.0,12.0,"Москва, Текстильщики, 1-й Грайвороновский проезд 3ак3",Не указано,https://cdn.esoft.digital/content/cluster/layouts/9c/cef4cee7d56483d9895838cda525997ea4276e9c.jpeg,,POINT(55.718243 37.723762)
161690236,220.8,7,False,17,19.0,2025.0,метро Академическая,200.0,3.0,"Москва, Академический, Профсоюзная вл6",Не указано,https://cdn.esoft.digital/content/cluster/layouts/8e/5962aabb89fe0896dac6ea24b035b7a75b17828e.png,,POINT(55.686726 37.571336)
22302675,42.3,1,False,32,35.0,2025.0,метро Свиблово,600.0,9.0,"Москва, Бабушкинский, 2.4",Не указано,https://cdn.esoft.digital/content/cluster/layouts/fd/99bdd42eaacc561d9d803c02efb3c22157ccadfd.jpeg,,POINT(55.867086 37.665821)
19203206,33.6,1,False,18,34.0,2025.0,метро Нагатинская,1400.0,21.0,"Москва, Нагатино-Садовники, к1.3",Не указано,https://cdn.esoft.digital/content/cluster/layouts/3b/6e286aa438e2e8c8811c516b191bde6300d2fc3b.jpeg,,POINT(55.682904 37.646947)
33378800,45.5,2,False,29,34.0,2025.0,метро Воронцовская,500.0,8.0,"Москва, Обручевский, Обручева 23с3",Не указано,https://cdn.esoft.digital/content/cluster/layouts/15/19baaa7b423c7917bf3ad04f0d717dde5801ac15.jpeg,,POINT(55.657672 37.529412)
33186720,71.4,3,False,2,35.0,2025.0,метро Бутырская,500.0,8.0,"Москва, Бутырский, к2.5",Не указано,https://cdn.esoft.digital/content/cluster/layouts/bd/52183fc01a74ee0f3ccee22c667fa2abe2634fbd.jpeg,,POINT(55.777343 37.585323)
71688000,101.5,4,False,22,23.0,2025.0,метро Спартак,900.0,14.0,"Москва, Покровское-Стрешнево, к1",Не указано,https://cdn.esoft.digital/content/cluster/layouts/26/0dc6f833d51448cb0da63a3b53e60cad21a76c26.jpeg,,POINT(55.82268 37.44259)
39199903,77.9,3,False,4,20.0,2025.0,метро Нагатинская,500.0,8.0,"Москва, Нагатино-Садовники, Варшавское шоссе 37 корпус 4",Не указано,https://cdn.esoft.digital/content/cluster/ecoobjects/14/ccfc32ea79c3c4b2741fe46c18edb1084c59be14.png,,POINT(55.68733 37.625154)
28800142,61.5,2,False,14,24.0,2025.0,метро Солнцево,700.0,11.0,"Москва, Солнцево, Производственная 15/2",Не указано,https://cdn.esoft.digital/content/cluster/ecoobjects/a1/854d9c6e67a5337fa088bb594c2246a7ad7eb4a1.jpeg,,POINT(55.647463 37.380435)
34810560,86.4,3,False,20,34.0,2025.0,метро Нагатинская,1400.0,21.0,"Москва, Нагатино-Садовники, к1.5",Не указано,https://cdn.esoft.digital/content/cluster/ecoobjects/3a/96801ab791def89bd603f32a0b4097b8052a373a.jpeg,,POINT(55.682904 37.646947)
36203040,74.4,3,False,2,23.0,2025.0,метро Бутырская,500.0,8.0,"Москва, Бутырский, к2.6",Не указано,https://cdn.esoft.digital/content/cluster/ecoobjects/77/c284dd72811a8d88cf0df105bd0deaf38c95a277.jpeg,,POINT(55.777343 37.585323)
31481108,54.7,2,False,32,32.0,2025.0,метро Верхние Лихоборы,700.0,11.0,"Москва, Западное Дегунино, Ильменский проезд 2",Не указано,https://cdn.esoft.digital/content/cluster/ecoobjects/08/561684359bf9f0c57f7a09749c7e69f69a22e708.jpeg,,POINT(55.859296 37.551178)
8814643,35.28,1,False,7,14.0,2025.0,станция Остафьево,2300.0,35.0,"село Остафьево, Рязановское, к21",Не указано,https://cdn.esoft.digital/content/cluster/layouts26/03/f6/cb20db662a2cb81fd655c9013e2c85fc0d17fff6.png,,POINT(55.499963 37.486472)
17217232,90.35,3,False,3,14.0,2025.0,станция Остафьево,2200.0,33.0,"село Остафьево, Рязановское, к23",Не указано,https://cdn.esoft.digital/content/cluster/layouts26/02/c9/280bbd32e8b4bf8c0ba770270f840c08930f24c9.png,,POINT(55.498796 37.489239)
8908867,22.54,0,True,4,12.0,2025.0,,,,"посёлок Остафьево, Рязановское, 21",Не указано,https://cdn.esoft.digital/content/cluster/layouts/1e/9a0a8b6342272de5081bcccdffb76e23f1b19c1e.png,,POINT(55.499963 37.486472)
14486944,21.4,1,False,16,19.0,2025.0,,,,"Сосенское, 11.1",Не указано,https://cdn.esoft.digital/content/cluster/layouts26/03/76/062efd61c1f8664e29061572424b4a5bf3cc8176.png,,POINT(55.57833 37.465892)
31524030,78.5,4,False,13,16.0,2025.0,метро Коммунарка,900.0,14.0,"Сосенское, 3.5",Не указано,https://cdn.esoft.digital/content/cluster/layouts26/03/74/bc20f0f2d0e09f455b7a7da425aee36994e13874.png,,POINT(55.57833 37.465892)
13343408,37.4,1,False,20,23.0,2025.0,,,,"Мосрентген, к2.3",Не указано,https://cdn.esoft.digital/content/cluster/layouts26/03/ae/03494c7b70e5ebf9211a438bcfcfd5e57b45b4ae.png,,POINT(55.618024 37.464904)
15121612,39.8,2,False,9,9.0,2025.0,метро Потапово,1800.0,27.0,"Сосенское, 6",Не указано,https://cdn.esoft.digital/content/cluster/layouts26/03/14/73bdfab1c612bc4698f41b6acb2912e62884e414.png,,POINT(nan nan)
14699160,39.9,1,False,13,19.0,2025.0,метро Потапово,2100.0,32.0,"Сосенское, 9",Не указано,https://cdn.esoft.digital/content/cluster/layouts26/03/ce/26441c2c1ce71ba139d181c376cb4ce9c87dc4ce.png,,POINT(nan nan)
21926060,67.6,3,False,2,8.0,2025.0,метро Потапово,1700.0,26.0,"Сосенское, 6.4",Не указано,https://cdn.esoft.digital/content/cluster/layouts26/03/50/95b896bc0ecd19f97d436a12267b977b81d56150.png,,POINT(55.57833 37.465892)
14854770,38.0,1,False,5,5.0,2026.0,,,,"Мосрентген, 3",Не указано,https://cdn.esoft.digital/content/cluster/layouts26/03/2e/cb763e4120620f3fc1cfccc2e9a1498b4b5c252e.png,,POINT(55.62298 37.471515)
10457371,21.1,1,False,4,16.0,2025.0,,,,"Десёновское, 4.1",Не указано,https://cdn.esoft.digital/content/cluster/layouts26/03/8a/f07cae6ae3a984602b838e6a5388ab3bc0bf358a.jpeg,,POINT(55.499571 37.366619)
17412408,47.7,2,False,15,17.0,2025.0,метро Прокшино,1000.0,15.0,"Сосенское, к11.2.2",Не указано,https://cdn.esoft.digital/content/cluster/layouts26/03/bb/deaa871c9be085bd3e45c764aa63801ba49114bb.png,,POINT(nan nan)
24992000,70.4,3,False,11,11.0,2025.0,,,,"Сосенское, 6.2.1",Не указано,https://cdn.esoft.digital/content/cluster/layouts26/03/0b/feaa085a1f2b5c7382051659caa16bfe0f17c50b.png,,POINT(55.604804 37.427642)
11735661,21.3,1,False,23,23.0,2025.0,метро Потапово,1200.0,18.0,"Сосенское, 6.2.2",Не указано,https://cdn.esoft.digital/content/cluster/layouts26/03/fd/69452ae51cd97c0939a9a9719079ff89c2aba8fd.png,,POINT(55.57833 37.465892)
38174904,112.8,4,False,18,21.0,2025.0,метро Потапово,1000.0,15.0,"Сосенское, 4.2",Не указано,https://cdn.esoft.digital/content/cluster/layouts26/03/d1/1015500f10e64cb8eaa3f1af161d94444e6db8d1.png,,POINT(55.57833 37.465892)
19353387,41.7,2,False,3,8.0,2025.0,,,,"Сосенское, 4.3",Не указано,https://cdn.esoft.digital/content/cluster/layouts26/03/08/7496c7a8e9229200ee1d4fc30e5e451ab31ee908.png,,POINT(55.57833 37.465892)
19699515,49.5,2,False,18,18.0,2025.0,,,,"Сосенское, 6.1.2",Не указано,https://cdn.esoft.digital/content/cluster/layouts26/03/ba/9ce08056c16fba18c0766d58dde6036055a350ba.png,,POINT(55.57833 37.465892)
22694494,61.7,4,False,15,15.0,2025.0,,,,"Десёновское, 3 корпус 7",Не указано,https://cdn.esoft.digital/content/cluster/layouts26/03/86/f21eaf7815cda74638088abcd42c0b7c09921586.png,,POINT(nan nan)
20117276,44.6,2,False,13,13.0,2025.0,,,,"Сосенское, 6.1.1",Не указано,https://cdn.esoft.digital/content/cluster/layouts26/03/c1/c53b305719408d9400eac3621dd1410d1428dec1.png,,POINT(55.604804 37.427642)
32408220,78.0,3,False,6,9.0,2025.0,,,,"Сосенское, 6.1.3",Не указано,https://cdn.esoft.digital/content/cluster/layouts26/03/53/a1ef7257b5cf0616a90e67a4fe6c5b3a50a28c53.png,,POINT(55.57833 37.465892)
27058035,66.1,4,False,18,18.0,2025.0,,,,"Сосенское, 6.1.4",Не указано,https://cdn.esoft.digital/content/cluster/layouts26/03/a0/5d664b8b30ea2bcd033c10ab8ecb8378c585efa0.png,,POINT(55.606451 37.447539)
28412550,92.7,4,False,2,18.0,2025.0,метро Коммунарка,1000.0,15.0,"Сосенское, 2.3",Не указано,https://cdn.esoft.digital/content/cluster/layouts26/03/ea/2e1ae5091419dec1c04f4657194b301dc38114ea.png,,POINT(55.57833 37.465892)
20595630,41.7,2,False,8,9.0,2025.0,,,,"Сосенское, 4.1",Не указано,https://cdn.esoft.digital/content/cluster/layouts26/03/e9/4bc2ced1b91bbe2b27bef0189399704785df96e9.png,,POINT(55.57833 37.465892)
29175496,66.4,3,False,12,12.0,2025.0,,,,"Сосенское, 3.6",Не указано,https://cdn.esoft.digital/content/cluster/layouts26/03/dc/832c4d95711ca2fdfbbbb6478fbb0bb519a51cdc.png,,POINT(55.57833 37.465892)
20109180,58.0,3,False,14,19.0,2025.0,метро Потапово,2100.0,32.0,"Сосенское, проспект Куприна 11 корпус 2",Не указано,https://cdn.esoft.digital/content/cluster/layouts26/03/b0/ba628c94423de02467eea988e1d7c5218e3c44b0.png,,POINT(55.536864 37.473734)
17941332,47.1,2,False,18,22.0,2025.0,метро Бунинская аллея,2700.0,41.0,"Сосенское, 5.4",Не указано,https://cdn.esoft.digital/content/cluster/layouts26/03/d5/faf42cc65d8171816dc40b62b5420946ecfae0d5.png,,POINT(55.57833 37.465892)
9916452,23.4,1,False,16,19.0,2025.0,метро Бунинская аллея,2700.0,41.0,"Сосенское, проспект Куприна 11 корпус 1",Не указано,https://cdn.esoft.digital/content/cluster/layouts26/03/32/355d1ace51f692c5ee2b124db91c54df68070d32.png,,POINT(55.53884 37.473177)
25657344,69.6,3,False,3,9.0,2025.0,метро Потапово,1800.0,27.0,"Сосенское, проспект Куприна 9 корпус 1",Не указано,https://cdn.esoft.digital/content/cluster/layouts26/03/17/d73f5a9cbcc0106535c7e16aa8997d0e1cdba017.png,,POINT(55.540389 37.474965)
21788450,76.7,2,False,2,17.0,2025.0,,,,"Сосенское, к3.5",Не указано,https://cdn.esoft.digital/content/cluster/layouts26/03/f8/89357ece110ee9c1599b556f0ba9e2b66470e6f8.png,,POINT(nan nan)
37654080,97.6,4,False,13,17.0,2025.0,метро Коммунарка,2100.0,32.0,"Сосенское, 25.7",Не указано,https://cdn.esoft.digital/content/cluster/layouts26/03/22/f2447abdf5965145a43c4a7989d1507e906e0f22.png,,POINT(55.57833 37.465892)
32933783,77.9,4,False,16,17.0,2025.0,,,,"Сосенское, 25.2",Не указано,https://cdn.esoft.digital/content/cluster/layouts26/03/7f/c5379e3032be8f7f0000e6d722b847248faf117f.png,,POINT(55.57833 37.465892)
31268281,77.9,4,False,15,17.0,2025.0,метро Коммунарка,2100.0,32.0,"Сосенское, 25.6",Не указано,https://cdn.esoft.digital/content/cluster/layouts26/03/de/abb7293e8d3b029554d76a05375b024dfd3773de.png,,POINT(55.57833 37.465892)
28454425,71.9,3,False,8,9.0,2026.0,,,,"Сосенское, 25.4",Не указано,https://cdn.esoft.digital/content/cluster/layouts26/03/33/733143956eae73b84469dd7e10308501d7034333.png,,POINT(55.57833 37.465892)
26165052,68.4,3,False,15,18.0,2025.0,,,,"Сосенское, 37.2.3",Не указано,https://cdn.esoft.digital/content/cluster/layouts26/03/12/7162b7da406b33c45f38a6d0d26007d469053e12.png,,POINT(55.57833 37.465892)
27449786,61.1,3,False,9,14.0,2025.0,метро Потапово,1000.0,15.0,"Сосенское, 28.4",Не указано,https://cdn.esoft.digital/content/cluster/layouts26/03/12/e6fcd5d704571a6479d08281b932b3ad6ab7ce12.png,,POINT(55.57833 37.465892)
29734860,58.0,3,False,13,14.0,2025.0,,,,"Сосенское, 25.1",Не указано,https://cdn.esoft.digital/content/cluster/layouts26/03/64/67c922a21a691c51d9c1c7b5ccdaf5e4d1025064.png,,POINT(55.57833 37.465892)
24221892,61.8,3,False,2,16.0,2025.0,,,,"Сосенское, 28.2",Не указано,https://cdn.esoft.digital/content/cluster/layouts26/03/7b/405bd5c654fd5a9b0c12c49db4a0a67ac6413b7b.png,,POINT(55.57833 37.465892)
27254540,66.2,4,False,16,18.0,2025.0,,,,"Сосенское, 37.2",Не указано,https://cdn.esoft.digital/content/cluster/layouts26/03/44/a17a58133135a65bb7696ff6509478cc4978ce44.png,,POINT(55.57833 37.465892)
26312600,85.0,2,False,2,18.0,2025.0,,,,"Сосенское, 37.2.2",Не указано,https://cdn.esoft.digital/content/cluster/layouts26/03/ad/b6b2be687a5528030450ca1b5174e74c8c7250ad.png,,POINT(55.57833 37.465892)
21854052,39.6,2,False,17,17.0,2025.0,,,,"Сосенское, 25.3",Не указано,https://cdn.esoft.digital/content/cluster/layouts26/03/c0/c1c088c5fbdb011de87e195121378db30674e6c0.png,,POINT(55.57833 37.465892)
17178900,33.1,1,False,12,17.0,2025.0,метро Прокшино,800.0,12.0,"Сосенское, 7.1.4",Не указано,https://cdn.esoft.digital/content/cluster/layouts26/03/3a/85720eab9548db8a04a5373455b049791815673a.png,,POINT(55.606451 37.447539)
18986328,33.3,1,False,10,17.0,2025.0,метро Прокшино,800.0,12.0,"Сосенское, 7.1.3",Не указано,https://cdn.esoft.digital/content/cluster/layouts26/03/f2/f9bd74e90b0b4650d6f911684b3a1c06bb4084f2.png,,POINT(55.57833 37.465892)
19810731,47.1,2,False,12,12.0,2025.0,,,,"Сосенское, 11",Не указано,https://cdn.esoft.digital/content/cluster/layouts26/03/74/fed5a9cc8447a1b305b90dbf92757dff5741b274.png,,POINT(nan nan)
29128176,61.6,3,False,14,17.0,2025.0,метро Прокшино,800.0,12.0,"Сосенское, 7.1.2",Не указано,https://cdn.esoft.digital/content/cluster/layouts26/03/9b/bebb6dcebbb2bde0490d40c5d8b411635998649b.png,,POINT(55.57833 37.465892)
19535140,50.8,2,False,12,16.0,2025.0,метро Прокшино,1100.0,17.0,"Сосенское, к11.2.3",Не указано,https://cdn.esoft.digital/content/cluster/layouts26/03/a2/d1de81c09b65e7721645f1e88516bc78250635a2.png,,POINT(55.593741 37.479259)
20040240,52.8,2,False,19,19.0,2025.0,,,,"Сосенское, к9.1",Не указано,https://cdn.esoft.digital/content/cluster/layouts26/03/5e/ff1f487d6bcbb8a90161cfbd1af6ce5dd61ff45e.png,,POINT(nan nan)
21974469,60.6,2,False,2,24.0,2025.0,,,,"Московский, 68.4",Не указано,https://cdn.esoft.digital/content/cluster/layouts26/02/4d/5fcf920ec9b37623bc91488ad11938e660fd3b4d.jpeg,,POINT(55.602149 37.346551)
22730280,92.1,3,False,7,9.0,2025.0,,,,"Филимонковское, 4",Не указано,https://cdn.esoft.digital/content/cluster/layouts/1e/38f84d0eb81639d2c4e7535a851f2340726c801e.jpeg,,POINT(nan nan)
25578905,85.09,3,False,11,19.0,2025.0,метро Рассказовка,400.0,6.0,"Внуковское, Анны Ахматовой 11 корпус 6",Не указано,https://cdn.esoft.digital/content/cluster/layouts/78/8b855155b0d6126b3ae3101a41ea6913b9061978.png,,POINT(55.633572 37.328926)
