id,price,square,rooms,studio,floor,floors_total,building_year,metro,metro_dist,time_to_metro,address,keep,photo,url,location,coordinates,ndvi
1,28970000,47.00,1,false,5,8,2027,метро Добрынинская,1500.00,23.00,"Москва, Даниловский, Дубининская 59 корпус 2",Не указано,https://cdn.esoft.digital/content/cluster/ecoobjects26/03/16/0196606ab1d1b463f419285c6b4a96ba27eec716.jpeg,https://msk.etagi.com/realty/12146164/,0101000000895C70067FD14240331AF9BCE2DB4B40,POINT(37.636689 55.717857),0.29
2,20000000,40.00,1,false,4,22,2025,метро Народное Ополчение,600.00,9.00,"Москва, Хорошёво-Мнёвники, Демьяна Бедного 22а",Не указано,https://cdn.esoft.digital/content/cluster/ecoobjects26/03/0a/ce4cf48764e368e982d438bb5a59ac9d0e444a0a.jpeg,https://msk.etagi.com/realty/12137437/,010100000095EF1989D0BE42406094A0BFD0E34B40,POINT(37.490739 55.779808),0.582
3,53500000,95.20,4,false,20,42,2025,метро Мичуринский проспект,600.00,9.00,"Москва, Очаково-Матвеевское, Озёрная 1 корпус 1",Не указано,https://cdn.esoft.digital/content/cluster/ecoobjects26/03/5f/27350a71d70b552adf19aca30adebadcc8c0a15f.jpeg,https://msk.etagi.com/realty/12117088/,010100000062855B3E92BC42406EA301BC05D84B40,POINT(37.473213 55.687675),0.435
4,47000000,63.70,3,false,8,17,2025,метро Бауманская,500.00,8.00,"Москва, Басманный, Малая Почтовая 12",Не указано,https://cdn.esoft.digital/content/cluster/ecoobjects26/03/c5/45c665ec0665a318a93627388169fd3d348e8fc5.jpeg,https://msk.etagi.com/realty/12115044/,0101000000B75F3E5931D84240FEB8FDF2C9E24B40,POINT(37.689006 55.771788),0.308
5,21000000,47.60,2,false,3,37,2026,станция Нижегородская,1000.00,15.00,"Москва, Нижегородский, 3",Не указано,https://cdn.esoft.digital/content/cluster/eco_newhouses_photos/19/abf061b087db51551c23f72d500886b4d6fe2a19.jpeg,https://msk.etagi.com/realty/12103471/,0101000000EDF5EE8FF7D64240CC423BA759DE4B40,POINT(37.67943 55.737111),0.467
6,11583222,20.00,0,true,6,33,2025,станция Дегунино,900.00,14.00,"Москва, Алтуфьевский, Алтуфьевское шоссе 55 корпус 4",Не указано,https://cdn.esoft.digital/content/cluster/ecoobjects26/03/e1/440cc2c70303048cd601d705bc3605b96e1ac9e1.jpeg,https://msk.etagi.com/realty/12106305/,0101000000F1BA7EC16ECA42400FD07D39B3EF4B40,POINT(37.581505 55.872657),0.38
7,27600000,40.50,2,false,3,33,2026,метро Павелецкая,1400.00,21.00,"Москва, Даниловский, 2",Не указано,https://cdn.esoft.digital/content/cluster/ecoobjects26/03/03/2eaaef7f5eb090ca64037d1e315d69f94d9dea03.jpeg,https://msk.etagi.com/realty/12097976/,010100000095D5743DD1CF42409B20EA3E00DB4B40,POINT(37.623573 55.710945),0.273
8,36500000,74.70,3,false,57,59,2028,метро Давыдково,1000.00,15.00,"Москва, Можайский, Верейская 29с34",Не указано,,https://msk.etagi.com/realty/12184143/,010100000077BB5E9A22B84240AE9CBD33DADA4B40,POINT(37.438556 55.709784),0.278
9,25000000,43.20,2,false,19,19,2025,,,,"Москва, Савёловский, Старый Петровско-Разумовский проезд 1",Не указано,,https://msk.etagi.com/realty/12183786/,010100000073F1B73D41C84240EB3713D385E64B40,POINT(37.564491 55.800959),0.411
10,59089000,82.61,3,false,16,28,2025,метро Нагатинская,300.00,5.00,"Москва, Нагатино-Садовники, Нагатинская к2вл1",Не указано,https://cdn.esoft.digital/content/cluster/layouts26/03/c8/f376f1038dc040459421a8ab0a92f493636860c8.jpeg,,0101000000F04DD36707D042408DCF64FF3CD74B40,POINT(37.625226 55.681549),0.289
11,73000000,120.70,3,false,8,11,2026,станция Павшино,2500.00,38.00,"Москва, Кунцево, 21",Не указано,https://cdn.esoft.digital/content/cluster/ecoobjects26/03/60/32e808c9e643325ec424eba2c91179e00781cf60.png,https://msk.etagi.com/realty/12145373/,010100000083F6EAE3A1B34240C5CBD3B9A2DE4B40,POINT(37.403378 55.739341),0.54
12,18950000,38.70,1,false,49,53,2025,станция Трикотажная,300.00,5.00,"Москва, Покровское-Стрешнево, Волоколамское шоссе 97",Не указано,https://cdn.esoft.digital/content/cluster/ecoobjects26/03/22/0e2e326569a4cc3606a0492bea83f22a81844622.jpeg,https://msk.etagi.com/realty/12089850/,0101000000DAE1AFC91AB342401DE4F56052EA4B40,POINT(37.399255 55.830639),0.257
210,14854770,38.00,1,false,5,5,2026,,,,"Мосрентген, 3",Не указано,https://cdn.esoft.digital/content/cluster/layouts26/03/2e/cb763e4120620f3fc1cfccc2e9a1498b4b5c252e.png,,01010000006649809A5ABC4240F20703CFBDCF4B40,POINT(37.471515 55.62298),0.517
13,15800000,24.00,0,true,27,31,2025,метро Верхние Лихоборы,400.00,6.00,"Москва, Западное Дегунино, Дмитровское шоссе 75/77",Не указано,https://cdn.esoft.digital/content/cluster/ecoobjects26/03/28/8943df046d90645ff128548ec27c8d3fc4606028.jpeg,https://msk.etagi.com/realty/12088802/,01010000009ED2C1FA3FC7424079758E01D9ED4B40,POINT(37.55664 55.858185),0.386
14,29200000,43.00,1,false,3,21,2025,метро Терехово,700.00,11.00,"Москва, Хорошёво-Мнёвники, Нижние Мнёвники 7",Не указано,https://cdn.esoft.digital/content/cluster/ecoobjects26/03/9a/52650fbf5ee0d1ebac68bab5cf32ea874140979a.jpeg,https://msk.etagi.com/realty/12080061/,0101000000D34CF73AA9B942402461DF4E22E04B40,POINT(37.450477 55.751047),0.402
15,12800000,28.60,0,true,6,8,2026,станция Бульвар Рокоссовского,1000.00,15.00,"Москва, Метрогородок, 6/1",Не указано,https://cdn.esoft.digital/content/cluster/ecoobjects26/03/46/3462acb2c8c43c4c7636c6b407b4194fb2eb2446.png,https://msk.etagi.com/realty/12073574/,0101000000EBFCDB65BFE042402E3BC43F6CE94B40,POINT(37.755841 55.823616),0.585
16,13900000,26.20,0,true,21,21,2025,метро Волгоградский проспект,200.00,3.00,"Москва, Южнопортовый, Новоостаповская 20 корпус 7",Не указано,https://cdn.esoft.digital/content/cluster/ecoobjects26/03/2f/7e430ab5881025e2bc5038dd68653f2c6294642f.jpeg,https://msk.etagi.com/realty/12066244/,0101000000B4226AA2CFD74240C4978922A4DC4B40,POINT(37.686024 55.723759),0.219
17,24900000,59.20,2,false,5,22,2025,станция Останкино,400.00,6.00,"Москва, Марфино, Академика Королёва 23",Не указано,https://cdn.esoft.digital/content/cluster/ecoobjects26/03/20/f7aee6a13ef6fe811a55741031dca0046c979e20.jpeg,https://msk.etagi.com/realty/12061092/,010100000044FD2E6CCDCC4240889E94490DE94B40,POINT(37.600019 55.820718),0.308
18,35000000,58.00,2,false,3,15,2025,метро Нагорная,600.00,9.00,"Москва, Котловка, Ремизова 11 корпус 2",Не указано,https://cdn.esoft.digital/content/cluster/ecoobjects26/03/01/f812220c613f6fb9b8ed18a78ac4fc395b278001.jpeg,https://msk.etagi.com/realty/12056194/,01010000002B89EC832CCD42403065E08096D64B40,POINT(37.602921 55.676468),0.566
19,46850000,79.50,2,false,2,7,2025,метро Павелецкая,700.00,11.00,"Москва, Замоскворечье, Летниковская 6 корпус 2",Не указано,https://cdn.esoft.digital/content/cluster/ecoobjects26/03/f2/a8e8d899f2ab1a9f6982e339094b43ca5270f6f2.jpeg,https://msk.etagi.com/realty/12047476/,0101000000E066F16261D242409DD9AED007DD4B40,POINT(37.643597 55.726801),0.213
20,51000000,78.00,2,false,26,51,2025,метро Мичуринский проспект,700.00,11.00,"Москва, Раменки, Василия Ланового 6 корпус 2",Не указано,https://cdn.esoft.digital/content/cluster/ecoobjects26/03/3b/8014e723cf9d99c7bebbee7b090e93703273b63b.jpeg,https://msk.etagi.com/realty/12046974/,01010000000890A16307BD42400C957F2DAFD84B40,POINT(37.476788 55.692846),0.376
21,27000000,65.10,2,false,22,30,2025,метро Тушинская,1400.00,21.00,"Москва, Покровское-Стрешнево, Строительный проезд 9",Не указано,https://cdn.esoft.digital/content/cluster/ecoobjects26/03/93/47e8fc812687725e700ce90631cf3105ddae7f93.jpeg,https://msk.etagi.com/realty/12041833/,010100000083FB010F0CB642408EACFC3218EB4B40,POINT(37.422243 55.836676),0.45
22,21443729,53.80,2,false,16,16,2025,станция Перово,700.00,11.00,"Москва, Новогиреево, Кусковская 12/1",Не указано,https://cdn.esoft.digital/content/cluster/ecoobjects26/03/2d/f023bff468ffbc2938dbcc2687faba5936812e2d.jpeg,https://msk.etagi.com/realty/12011637/,010100000086E464E256E3424088A06AF46ADE4B40,POINT(37.776089 55.737639),0.527
23,20800000,53.20,2,false,12,42,2026,станция Москворечье,1200.00,18.00,"Москва, Москворечье-Сабурово, 3",Не указано,https://cdn.esoft.digital/content/cluster/ecoobjects26/03/e4/8a6c7f2a7d58f6a32dcc43acedd5ddb46329fae4.jpeg,https://msk.etagi.com/realty/11999127/,01010000004E637B2DE8D54240601E32E543D24B40,POINT(37.671148 55.642697),0.461
24,24500000,46.30,1,false,17,57,2027,метро Беломорская,1100.00,17.00,"Москва, Левобережный, Ленинградское шоссе 57с2",Не указано,https://cdn.esoft.digital/content/cluster/ecoobjects26/03/29/12872427729638f903da415693fe2ef1bc834729.jpeg,https://msk.etagi.com/realty/11998500/,010100000066C0594A96BB424087527B116DED4B40,POINT(37.465524 55.854891),0.277
25,45500000,70.30,3,false,18,32,2026,метро Павелецкая,1400.00,21.00,"Москва, Даниловский, 3",Не указано,https://cdn.esoft.digital/content/cluster/ecoobjects26/03/77/b45ff7dfd0cd442834ae1f52271c994b7efe9577.jpeg,https://msk.etagi.com/realty/11997309/,01010000004562821ABECF42400B43E4F4F5DA4B40,POINT(37.622989 55.710631),0.264
26,11780000,23.90,1,false,17,24,2025,метро Боровское шоссе,700.00,11.00,"Москва, Солнцево, Производственная 19 корпус 1",Не указано,https://cdn.esoft.digital/content/cluster/ecoobjects26/03/a0/394e42334f0dbc880cc865628517d0139bea01a0.jpeg,https://msk.etagi.com/realty/11994637/,01010000009581035ABAB042406B9DB81CAFD24B40,POINT(37.380687 55.645969),0.358
27,22000000,44.00,2,false,56,61,2025,метро Кожуховская,500.00,8.00,"Москва, Печатники, 1",Не указано,https://cdn.esoft.digital/content/cluster/ecoobjects26/03/8b/5eeb9e72d92092e4db5db7763d00de525410dc8b.jpeg,https://msk.etagi.com/realty/11993516/,01010000002E7079AC19DD4240A1A3552DE9D84B40,POINT(37.727346 55.694616),0.371
28,26000000,62.00,2,false,2,26,2025,метро Верхние Лихоборы,300.00,5.00,"Москва, Западное Дегунино, Дмитровское шоссе 73бк1",Не указано,https://cdn.esoft.digital/content/cluster/ecoobjects26/03/50/e0ab1a2a1ad0b623facb5b886777c1226c4f7350.jpeg,https://msk.etagi.com/realty/11970332/,01010000004487C09140C74240D93D7958A8ED4B40,POINT(37.556658 55.8567),0.356
29,29950000,39.15,2,false,6,20,2025,станция Фили,400.00,6.00,"Москва, Филёвский Парк, к5",Не указано,https://cdn.esoft.digital/content/cluster/ecoobjects26/03/28/d8addc03d2cd377972bc3c6f29e5ac6a61d59b28.jpeg,https://msk.etagi.com/realty/11932838/,0101000000DC9E20B1DDBD4240B64DF1B8A8DE4B40,POINT(37.483328 55.739524),0.502
30,50000000,87.40,3,false,29,55,2025,станция Марьина Роща,500.00,8.00,"Москва, Марьина Роща, 4-я улица Марьиной Рощи 10 корпус 3",Не указано,https://cdn.esoft.digital/content/cluster/ecoobjects26/03/ff/fb244c3cb291c04e09795c98de466c0a712aafff.jpeg,https://msk.etagi.com/realty/11932767/,01010000005D8940F50FD04240D05E7D3CF4E54B40,POINT(37.625487 55.796516),0.36
31,16600000,46.30,2,false,32,33,2025,станция Перерва,700.00,11.00,"Москва, Люблино, 14.5",Не указано,https://cdn.esoft.digital/content/cluster/ecoobjects26/02/11/97dfacc6b78ee7094b8444248057c57f65e23211.png,https://msk.etagi.com/realty/11916096/,0101000000096B63EC84E14240793F6EBF7CD64B40,POINT(37.761869 55.675682),0.472
32,16000000,50.20,2,false,18,23,2026,,,,"Москва, Куркино, Куркинское шоссе 15",Не указано,https://cdn.esoft.digital/content/cluster/ecoobjects26/02/24/6d8152c178607fea2e8c2b0f42c32e1bd5b60824.jpeg,https://msk.etagi.com/realty/11909639/,0101000000DD41EC4CA1B342405F622CD32FF14B40,POINT(37.40336 55.884272),0.555
33,16900000,42.00,1,false,11,31,2026,станция Бульвар Рокоссовского,1100.00,17.00,"Москва, Метрогородок, Тагильская 6/1 корпус 2",Не указано,https://cdn.esoft.digital/content/cluster/ecoobjects26/02/c7/0f99462acf3b5e5da2caab3146e26039fe8968c7.jpeg,https://msk.etagi.com/realty/11905060/,01010000006EF8DD74CBE042409B3924B550E84B40,POINT(37.756209 55.814963),0.229
34,17300000,33.80,1,false,6,29,2025,метро Кожуховская,500.00,8.00,"Москва, Печатники, 7",Не указано,https://cdn.esoft.digital/content/cluster/ecoobjects26/02/0f/b93187d553f4147cb0de331e0ea5a66b5f17c70f.jpeg,https://msk.etagi.com/realty/11897343/,01010000002E7079AC19DD4240A1A3552DE9D84B40,POINT(37.727346 55.694616),0.371
35,28190000,37.70,0,true,8,22,2026,станция Савёловская,700.00,11.00,"Москва, Марьина Роща, Полковая 1 корпус 1",Не указано,https://cdn.esoft.digital/content/cluster/ecoobjects26/02/26/f6288187f6758cfe35bc7a89547938be79877e26.jpeg,https://msk.etagi.com/realty/11894600/,0101000000992EC4EA8FCC4240376E313F37E64B40,POINT(37.598142 55.798561),0.245
36,18540000,38.60,1,false,2,16,2025,метро Бунинская аллея,1100.00,17.00,"Москва, Сосенское, Бартеневская 18 корпус 1",Не указано,https://cdn.esoft.digital/content/cluster/ecoobjects26/02/cd/e18dc0ac5e6c3e97859eb714941ed4259d585ecd.jpeg,https://msk.etagi.com/realty/11883669/,010100000075E5B33C0FC24240E22021CA17C64B40,POINT(37.51609 55.547601),0.467
37,26500000,42.60,2,false,5,23,2026,метро Кунцевская,800.00,12.00,"Москва, Кунцево, Ивана Франко 20 корпус 2",Не указано,https://cdn.esoft.digital/content/cluster/ecoobjects26/02/99/964bada241d20ea64c0053d5829b05a19809a399.jpeg,https://msk.etagi.com/realty/11870383/,0101000000C4CE143AAFB7424055A1815836DD4B40,POINT(37.435035 55.728221),0.47
38,14500000,29.90,0,true,22,29,2025,метро Новые Черёмушки,900.00,14.00,"Москва, Черёмушки, Намёткина вл10",Не указано,https://cdn.esoft.digital/content/cluster/ecoobjects26/02/89/2b3fb2a31954823704e7b797de563281babc4589.png,https://msk.etagi.com/realty/11876523/,010100000054008C67D0C64240E63FA4DFBED44B40,POINT(37.553235 55.662075),0.357
39,8600000,20.10,0,true,4,14,2026,станция Лихоборы,500.00,8.00,"Москва, Тимирязевский, к3.5",Не указано,https://cdn.esoft.digital/content/cluster/ecoobjects26/02/24/1be23da4c383df581cd723a451cc7d29d807da24.jpeg,https://msk.etagi.com/realty/11874207/,01010000005BCEA5B8AAC64240213EB0E3BFEA4B40,POINT(37.552085 55.833981),0.546
40,28000000,53.00,1,false,16,27,2025,метро ЗИЛ,1100.00,17.00,"Москва, Даниловский, к13",Не указано,https://cdn.esoft.digital/content/cluster/ecoobjects26/03/7c/d88fa5a534afea3dfa3bc7277037e3d244ca527c.jpeg,https://msk.etagi.com/realty/11873951/,0101000000FEF2C98AE1D042401E8A027D22DB4B40,POINT(37.631883 55.71199),0.306
41,17900000,36.80,1,false,23,30,2025,метро Дубровка,300.00,5.00,"Москва, Южнопортовый, Новоостаповская 16 корпус 1",Не указано,https://cdn.esoft.digital/content/cluster/ecoobjects26/02/33/98f9d46c2e29502940d1460c06504af83b4e4233.jpeg,https://msk.etagi.com/realty/11860119/,010100000068CD8FBFB4D64240EE42739D46DC4B40,POINT(37.677391 55.720905),0.2
42,19000000,32.00,2,false,2,38,2025,метро Волгоградский проспект,300.00,5.00,"Москва, Южнопортовый, 1.1",Не указано,https://cdn.esoft.digital/content/cluster/ecoobjects26/02/fe/c999c6b788fd52a6670c96ddd88f6114e05ec2fe.jpeg,https://msk.etagi.com/realty/11836514/,0101000000A359D93EE4D742404D309C6B98D94B40,POINT(37.686653 55.699964),0.193
108,14000000,48.70,2,false,8,15,2026,,,,"Десёновское, к4.3",Не указано,https://cdn.esoft.digital/content/cluster/ecoobjects26/03/9b/2f265457e75ed63ffe35164d9df691d4d6cdb79b.png,https://msk.etagi.com/realty/12009032/,0101000000000000000000F87F000000000000F87F,,
43,14950000,36.30,1,false,11,12,2025,станция Калитники,500.00,8.00,"Москва, Нижегородский, Автомобильный проезд 4с4",Не указано,https://cdn.esoft.digital/content/cluster/ecoobjects26/02/7d/ba1e7432f30b307326ad97f92ccfc3bb580fba7d.jpeg,https://msk.etagi.com/realty/11778740/,01010000002E8CF4A276D94240F65D11FC6FDD4B40,POINT(37.698933 55.72998),0.305
44,18500000,24.00,0,true,10,17,2025,метро Серпуховская,1300.00,20.00,"Москва, Даниловский, Дубининская 59 корпус 5",Не указано,https://cdn.esoft.digital/content/cluster/ecoobjects26/02/62/54a1d69d0c4045a0181788f9c7a35ad3207d2662.jpeg,https://msk.etagi.com/realty/11770041/,0101000000895C70067FD14240331AF9BCE2DB4B40,POINT(37.636689 55.717857),0.29
45,37600000,57.00,2,false,19,40,2027,станция Беговая,200.00,3.00,"Москва, Хорошёвский, 3-й Хорошёвский проезд 6с",Не указано,https://cdn.esoft.digital/content/cluster/ecoobjects26/02/bb/6dac65af35a382e4bfa525b238379214e7c38bbb.jpeg,https://msk.etagi.com/realty/11758893/,0101000000A9F57EA31DC542405BCD3AE3FBE24B40,POINT(37.539967 55.773312),0.292
46,19500000,49.80,2,false,18,45,2026,станция Нижегородская,800.00,12.00,"Москва, Нижегородский, 1",Не указано,https://cdn.esoft.digital/content/cluster/ecoobjects26/02/de/797b87091b572e9de3ba84123ea34972da327fde.jpeg,https://msk.etagi.com/realty/11747729/,0101000000EDF5EE8FF7D64240CC423BA759DE4B40,POINT(37.67943 55.737111),0.467
47,11700000,20.10,0,true,16,24,2025,станция Лихоборы,600.00,9.00,"Москва, Тимирязевский, к3.4",Не указано,https://cdn.esoft.digital/content/cluster/ecoobjects26/02/12/9ca37652f5148104036e57597668e3d80690e912.jpeg,https://msk.etagi.com/realty/11680181/,01010000005BCEA5B8AAC64240213EB0E3BFEA4B40,POINT(37.552085 55.833981),0.546
48,14800000,42.70,1,false,7,24,2025,метро Битцевский парк,1400.00,21.00,"Москва, Чертаново Центральное, 3",Не указано,https://cdn.esoft.digital/content/cluster/ecoobjects26/02/04/0fb364c0e38d28aa424e63ba2adea96b63322c04.jpeg,https://msk.etagi.com/realty/11705722/,01010000001DCA501553CD424091D5AD9E93CE4B40,POINT(37.604098 55.61388),0.437
49,12300000,19.70,0,true,10,24,2026,станция Новохохловская,600.00,9.00,"Москва, Текстильщики, 1-й Грайвороновский проезд 7ак3",Не указано,https://cdn.esoft.digital/content/cluster/ecoobjects26/01/ee/96060e7a0e3e32dd7374990d8302192c4289a9ee.jpeg,https://msk.etagi.com/realty/10967035/,0101000000F660527C7CDC4240207A522635DC4B40,POINT(37.722549 55.720372),0.268
50,15150000,37.30,1,false,7,47,2027,метро Кожуховская,600.00,9.00,"Москва, Печатники, 2",Не указано,https://cdn.esoft.digital/content/cluster/ecoobjects26/01/b2/b353d9b51235ee9a59e1b1b75a0839eed687bcb2.jpeg,https://msk.etagi.com/realty/10965737/,01010000002E7079AC19DD4240A1A3552DE9D84B40,POINT(37.727346 55.694616),0.371
51,17000000,22.60,0,true,4,25,2025,метро Павелецкая,600.00,9.00,"Москва, Замоскворечье, Летниковская 6 корпус 1",Не указано,https://cdn.esoft.digital/content/cluster/ecoobjects26/01/a8/37ae20e096d5543a6199e544e72619ab8527a3a8.jpeg,https://msk.etagi.com/realty/10958283/,010100000071218FE046D24240F52A323A20DD4B40,POINT(37.642788 55.727546),0.205
211,10457371,21.10,1,false,4,16,2025,,,,"Десёновское, 4.1",Не указано,https://cdn.esoft.digital/content/cluster/layouts26/03/8a/f07cae6ae3a984602b838e6a5388ab3bc0bf358a.jpeg,,0101000000CE8B135FEDAE4240D88349F1F1BF4B40,POINT(37.366619 55.499571),0.853
52,6990000,24.31,0,true,14,15,2025,метро Говорово,1700.00,26.00,"Москва, Солнцево, 6 корпус 1",Не указано,https://cdn.esoft.digital/content/cluster/ecoobjects26/01/c8/2554226f968206833b5dabbecad74f69dfd2dfc8.jpeg,https://msk.etagi.com/realty/10927458/,01010000003A234A7B83B542405E64027E8DD24B40,POINT(37.418075 55.644943),0.617
53,23700000,59.60,2,false,3,19,2026,метро Солнцево,700.00,11.00,"Москва, Солнцево, Производственная 12 корпус 2",Не указано,https://cdn.esoft.digital/content/cluster/ecoobjects26/01/6e/eaeb43589c6382de69b8c4314fc7474e375b126e.jpeg,https://msk.etagi.com/realty/10905894/,01010000004B1E4FCB0FB2424031B77BB94FD24B40,POINT(37.391107 55.643058),0.384
54,23500000,47.00,1,false,15,24,2025,метро Фонвизинская,500.00,8.00,"Москва, Бутырский, Огородный проезд 20",Не указано,https://cdn.esoft.digital/content/cluster/ecoobjects26/01/b3/e8284d8fe94c40443839a23e8db069aa91c0beb3.jpeg,https://msk.etagi.com/realty/10864305/,010100000049658A3908CC4240997E8978EBE84B40,POINT(37.594001 55.819686),0.347
55,40000000,86.00,4,false,24,55,2025,станция Марьина Роща,400.00,6.00,"Москва, Марьина Роща, 4-я улица Марьиной Рощи 12с9",Не указано,https://cdn.esoft.digital/content/cluster/ecoobjects26/01/84/56a6c967a58c4d00b7f6b79462ea02bef1dcc884.png,https://msk.etagi.com/realty/10860642/,0101000000774D486B0CD04240E4D9E55B1FE64B40,POINT(37.625379 55.797832),0.332
56,37990000,67.00,2,false,6,22,2025,метро Терехово,100.00,2.00,"Москва, Хорошёво-Мнёвники, 1",Не указано,https://cdn.esoft.digital/content/cluster/ecoobjects26/03/ae/0a911616c20aa70bbe9988b2ae7e2a62bd8204ae.jpeg,https://msk.etagi.com/realty/10849832/,0101000000D8BB3FDEABBC4240D1764CDD95E34B40,POINT(37.473995 55.778011),0.468
57,19800000,46.71,1,false,7,30,2028,метро Печатники,1300.00,20.00,"Москва, Печатники, Южнопортовая 21с52",Не указано,https://cdn.esoft.digital/content/cluster/ecoobjects25/12/49/4f0a5cdbb0b3f8fec68307bb8141dd3cf6488749.jpeg,https://msk.etagi.com/realty/10735766/,01010000001DE8A1B60DDB42406D3656629ED94B40,POINT(37.711356 55.700146),0.202
58,13700000,34.00,1,false,19,24,2026,станция Новопеределкино,400.00,6.00,"Москва, Солнцево, Производственная 25с1",Не указано,https://cdn.esoft.digital/content/cluster/ecoobjects25/12/cb/170b8ebc297bb0eda841ee0091bd9c49d1a4aecb.jpeg,https://msk.etagi.com/realty/10734114/,0101000000B05582C5E1B042405E143DF031D24B40,POINT(37.38189 55.642149),0.322
59,10500000,25.10,0,true,40,45,2027,метро Медведково,1200.00,18.00,"Москва, Северное Медведково, 1.4",Не указано,https://cdn.esoft.digital/content/cluster/ecoobjects26/01/9d/2180162178dcdf7586bf7bcff8c8bd1f6079889d.jpeg,https://msk.etagi.com/realty/10715914/,0101000000A5129ED0EBD3424003EE79FEB4F14B40,POINT(37.655634 55.888336),0.497
60,16580000,42.30,1,false,10,24,2026,станция Бульвар Рокоссовского,1000.00,15.00,"Москва, Метрогородок, Тагильская 6/5",Не указано,https://cdn.esoft.digital/content/cluster/ecoobjects25/12/be/dc5e30f80014cefb7d8fa014fba8a1c5c00dd0be.png,https://msk.etagi.com/realty/10659500/,0101000000E1D4079277E0424065506D7022E84B40,POINT(37.753649 55.813551),0.231
61,19900000,35.80,1,false,3,32,2025,метро Багратионовская,700.00,11.00,"Москва, Филёвский Парк, к7",Не указано,https://cdn.esoft.digital/content/cluster/ecoobjects25/12/09/7186870c6f52f7ead1fab9407253aeb4420ad109.jpeg,https://msk.etagi.com/realty/10653784/,0101000000DC9E20B1DDBD4240B64DF1B8A8DE4B40,POINT(37.483328 55.739524),0.502
62,39000000,42.80,2,false,9,45,2026,станция Фили,400.00,6.00,"Москва, Дорогомилово, Кутузовский проезд 16а",Не указано,https://cdn.esoft.digital/content/cluster/ecoobjects/d3/3f/a7a038a3b4e4a9b0c33679345a984f07d7003fd3.jpeg,https://msk.etagi.com/realty/10623303/,01010000001422E010AAC24240D7A205685BDF4B40,POINT(37.520815 55.744977),0.207
63,14000000,45.01,1,false,11,30,2026,,,,"Москва, Бирюлёво Восточное, к2",Не указано,https://cdn.esoft.digital/content/cluster/ecoobjects/bf/ef/4e7d07c7dc18d6c20950c9fb4bef05a9cca9efbf.png,https://msk.etagi.com/realty/10602488/,0101000000473B6EF8DDD642407BBFD18E1BCC4B40,POINT(37.678649 55.594591),0.816
64,25500000,75.10,3,false,23,39,2027,метро Каширская,1200.00,18.00,"Москва, Москворечье-Сабурово, 1.4",Не указано,https://cdn.esoft.digital/content/cluster/ecoobjects26/01/6f/7dcf02a0f3fc7106997479686b6d81f3a5e3d26f.jpeg,https://msk.etagi.com/realty/10573405/,01010000004E637B2DE8D54240601E32E543D24B40,POINT(37.671148 55.642697),0.461
65,39000000,56.10,3,false,26,28,2026,станция Зорге,300.00,5.00,"Москва, Хорошёвский, Зорге 24с4",Не указано,https://cdn.esoft.digital/content/cluster/ecoobjects/3c/fc/c591d8199622323394ab3d43a06e0cad6d58fc3c.jpeg,https://msk.etagi.com/realty/10536241/,0101000000AF95D05D12C1424005FA449E24E54B40,POINT(37.508373 55.79018),0.417
66,14500000,53.88,2,false,16,16,2025,станция Новоподрезково,900.00,14.00,"Москва, ЖК Молжаниново, Ленинградское шоссе 229бк2",Не указано,https://cdn.esoft.digital/content/cluster/ecoobjects/fc/89/46f89b4408c5e742e13ca02f2373739ee09789fc.jpeg,https://msk.etagi.com/realty/10530854/,0101000000624A24D1CBAE4240E2CAD93BA3F74B40,POINT(37.365595 55.934669),0.449
67,13150000,35.00,1,false,24,24,2026,станция Лихоборы,500.00,8.00,"Москва, Тимирязевский, к3.6",Не указано,https://cdn.esoft.digital/content/cluster/ecoobjects/7e/6c/6baeba86a5bb780dc99d3bf67778030ee0aa6c7e.jpeg,https://msk.etagi.com/realty/10501073/,01010000005BCEA5B8AAC64240213EB0E3BFEA4B40,POINT(37.552085 55.833981),0.546
68,17000000,38.70,1,false,22,40,2027,станция Новохохловская,900.00,14.00,"Москва, Текстильщики, 1-й Грайвороновский проезд 2/2",Не указано,https://cdn.esoft.digital/content/cluster/ecoobjects/85/d1/fc672a0dadd16c5ab8b41460a7f2ceeef2a1d185.jpeg,https://msk.etagi.com/realty/10461163/,01010000007AFCDEA63FDD42405E0EBBEF18DC4B40,POINT(37.728505 55.719511),0.379
69,9900000,32.40,1,false,11,16,2025,станция Новоподрезково,700.00,11.00,"Москва, ЖК Молжаниново, к3",Не указано,https://cdn.esoft.digital/content/cluster/ecoobjects/f2/2d/f3b4f48157311dd5929bb027fb402d86188b2df2.jpeg,https://msk.etagi.com/realty/10396956/,01010000007C9BFEEC47AE424002124DA088F74B40,POINT(37.36157 55.933857),0.492
70,74000000,68.10,2,false,7,9,2025,станция Хорошёво,1200.00,18.00,"Москва, Хорошёво-Мнёвники, Шелепихинская набережная 38 корпус 8",Не указано,https://cdn.esoft.digital/content/cluster/ecoobjects/94/9c/8f3036d29f5120dcb6508cf9928a5827b4e29c94.jpeg,https://msk.etagi.com/realty/10377096/,01010000007D21E4BCFFBF42403E76172829E24B40,POINT(37.499992 55.766881),0.307
71,34800000,44.00,0,true,12,28,2025,станция Останкино,300.00,5.00,"Москва, Марфино, Академика Королёва 21кк21",Не указано,https://cdn.esoft.digital/content/cluster/ecoobjects/c5/a3/40697a1a347a0149fb28c61f2acab20fee81a3c5.jpeg,https://msk.etagi.com/realty/10365070/,0101000000E2067C7E18CD4240195932C7F2E84B40,POINT(37.60231 55.819909),0.332
72,18800000,45.90,1,false,24,29,2026,станция Нижегородская,1100.00,17.00,"Москва, Нижегородский, 5",Не указано,https://cdn.esoft.digital/content/cluster/ecoobjects/37/0b/0f3d9d215ca697e75d218136b51e3be784660b37.jpeg,https://msk.etagi.com/realty/10247005/,0101000000EDF5EE8FF7D64240CC423BA759DE4B40,POINT(37.67943 55.737111),0.467
73,16700000,24.60,0,true,8,29,2026,метро Печатники,900.00,14.00,"Москва, Печатники, Южнопортовая 42 с4",Не указано,https://cdn.esoft.digital/content/cluster/ecoobjects/d6/f9/83285f7fa3e5afdbf88e3378ae3a74a3fb05f9d6.jpeg,https://msk.etagi.com/realty/10225633/,0101000000282D5C5661DB4240726BD26D89D84B40,POINT(37.713908 55.691694),0.092
74,9600000,35.19,1,false,2,15,2025,метро Румянцево,1800.00,27.00,"Москва, Солнцево, к2",Не указано,https://cdn.esoft.digital/content/cluster/ecoobjects/fb/f6/e153dbc564d29b410bafc02b513714495d4ef6fb.jpeg,https://msk.etagi.com/realty/10152487/,010100000047E867EA75B5424001F8A75489D24B40,POINT(37.417661 55.644816),0.605
75,19900000,41.00,1,false,8,30,2026,станция Стрешнево,200.00,3.00,"Москва, Щукино, к2.1",Не указано,https://cdn.esoft.digital/content/cluster/ecoobjects/9e/93/22babcbd9d8a03a421037e16193cd7aeb845939e.jpeg,https://msk.etagi.com/realty/10007245/,01010000006F8445459CBC4240AA2B9FE579E64B40,POINT(37.473519 55.800595),0.575
76,11000000,26.20,0,true,2,21,2026,метро Охотный Ряд,200.00,3.00,"Москва, Сосенское, 6 корпус 1",Не указано,https://cdn.esoft.digital/content/cluster/ecoobjects/ce/7c/0bd40df86b74aff3456cc992bfd37bb4113e7cce.jpeg,https://msk.etagi.com/realty/9968300/,01010000007DE882FA96B94240F8A8BF5E61CD4B40,POINT(37.44992 55.604534),0.254
77,13700000,23.60,0,true,28,33,2025,метро Бутырская,500.00,8.00,"Москва, Бутырский, Добролюбова 8 корпус 1",Не указано,https://cdn.esoft.digital/content/cluster/ecoobjects/3b/af/a9aa573a5a1dd561828ef054ed81ee538a72af3b.jpeg,https://msk.etagi.com/realty/9943091/,01010000006556EF703BCC4240D11E2FA4C3E74B40,POINT(37.595564 55.810658),0.278
78,24880000,50.90,2,false,2,30,2025,,,,"Москва, Очаково-Матвеевское, Озёрная 42с7",Не указано,https://cdn.esoft.digital/content/cluster/ecoobjects/6a/a4/99a87d37c3ffc88390e58800c47fd8906904a46a.jpeg,https://msk.etagi.com/realty/9768299/,0101000000A1116C5CFFB842406DC7D45DD9D54B40,POINT(37.445293 55.670696),0.295
79,8100000,20.10,0,true,14,17,2025,станция Перерва,700.00,11.00,"Москва, Люблино, 14.2",Не указано,https://cdn.esoft.digital/content/cluster/ecoobjects/62/05/9579d456a0cd3a4201f2e7e20fef95cd973c0562.jpeg,https://msk.etagi.com/realty/9752373/,0101000000096B63EC84E14240793F6EBF7CD64B40,POINT(37.761869 55.675682),0.472
80,10150000,26.20,0,true,2,21,2026,метро Охотный Ряд,200.00,3.00,"Москва, Сосенское, 6кор1",Не указано,https://cdn.esoft.digital/content/cluster/ecoobjects/e2/69/aad750de49a71f62085581a5200f44d8651069e2.jpeg,https://msk.etagi.com/realty/9712854/,01010000007DE882FA96B94240F8A8BF5E61CD4B40,POINT(37.44992 55.604534),0.254
81,11880000,32.20,1,false,14,32,2026,метро Пятницкое шоссе,1600.00,24.00,"Москва, Митино, Муравская 38бк2",Не указано,https://cdn.esoft.digital/content/cluster/ecoobjects/70/47/461c0d5641145cc68ee1216f04b42f420dbf4770.jpeg,https://msk.etagi.com/realty/9694869/,0101000000B0AF75A911B042403DB5FAEAAAEE4B40,POINT(37.375539 55.864591),0.568
82,11200000,22.80,0,true,4,23,2025,станция Лихоборы,1300.00,20.00,"Москва, Западное Дегунино, к3",Не указано,https://cdn.esoft.digital/content/cluster/ecoobjects/e6/3d/3766db62e8b80385938ac499a319b45aafad3de6.jpeg,https://msk.etagi.com/realty/9652661/,01010000006C4084B872C24240516A2FA2EDEE4B40,POINT(37.519126 55.866627),0.441
83,36500000,65.00,2,false,34,49,2025,станция Дмитровская,500.00,8.00,"Москва, Савёловский, 2-я Хуторская вл34кс",Не указано,https://cdn.esoft.digital/content/cluster/ecoobjects/c5/f6/e470662ff4a262d00d169852c716b7ffc433f6c5.jpeg,https://msk.etagi.com/realty/9580937/,0101000000B11A4B581BC942400C3CF71E2EE74B40,POINT(37.571147 55.806095),0.378
84,26000000,46.00,2,false,29,30,2025,метро Мичуринский проспект,600.00,9.00,"Москва, Раменки, 5",Не указано,https://cdn.esoft.digital/content/cluster/ecoobjects/db/7c/c58e7d56db2605b61e430aad1865e82ec55a7cdb.jpeg,https://msk.etagi.com/realty/9177997/,01010000003813D38558BF42404051D9B0A6D84B40,POINT(37.494889 55.692587),0.529
85,31000000,61.00,2,false,6,27,2025,станция Москва-Товарная,800.00,12.00,"Москва, Лефортово, к31",Не указано,https://cdn.esoft.digital/content/cluster/ecoobjects/b7/d8/5ef30c402428d78718a713a46bdeff3aa40dd8b7.png,https://msk.etagi.com/realty/9082958/,01010000000B9C6C0377DA424087A8C29FE1E14B40,POINT(37.706757 55.764698),0.487
86,36500000,68.20,3,false,12,30,2025,метро Мичуринский проспект,700.00,11.00,"Москва, Очаково-Матвеевское, к3",Не указано,https://cdn.esoft.digital/content/cluster/ecoobjects/a2/ff/656125f95f4696bd2fda48869757ab10474cffa2.jpeg,https://msk.etagi.com/realty/9043268/,01010000000B992B836AB942401DC70F9546D84B40,POINT(37.448563 55.689654),0.438
87,12699000,38.20,2,false,10,68,2027,метро Кожуховская,600.00,9.00,"Москва, Печатники, 3",Не указано,https://cdn.esoft.digital/content/cluster/ecoobjects/6f/15/58212a73ad45839b528c9ac0b9c14e1149b8156f.jpeg,https://msk.etagi.com/realty/8554772/,01010000002E7079AC19DD4240A1A3552DE9D84B40,POINT(37.727346 55.694616),0.371
88,21000000,40.40,1,false,21,24,2025,,,,"Москва, Чертаново Центральное, 4",Не указано,https://cdn.esoft.digital/content/cluster/ecoobjects/d6/7e/d706aa003304dd74d60866cac419aa989c1d7ed6.jpeg,https://msk.etagi.com/realty/8478710/,01010000001DCA501553CD424091D5AD9E93CE4B40,POINT(37.604098 55.61388),0.437
89,19000000,42.80,1,false,26,28,2025,метро Тушинская,1500.00,23.00,"Москва, Покровское-Стрешнево, Строительный проезд 9 корпус 1",Не указано,https://cdn.esoft.digital/content/cluster/ecoobjects/e8/91/fac45723cb407cbdc1200ab4abc379a4a7ec91e8.jpeg,https://msk.etagi.com/realty/7645799/,010100000083FB010F0CB642408EACFC3218EB4B40,POINT(37.422243 55.836676),0.45
90,22300000,42.60,1,false,4,23,2025,метро Ботанический сад,800.00,12.00,"Москва, Ростокино, к4",Не указано,https://cdn.esoft.digital/content/cluster/ecoobjects/3d/f7/2ddc575431285d16218a1245f856793070a2f73d.jpeg,https://msk.etagi.com/realty/5829486/,01010000004031B2648ED54240580229B16BEB4B40,POINT(37.668408 55.839224),0.407
91,23500000,47.00,1,false,26,34,2025,метро Воронцовская,500.00,8.00,"Москва, Обручевский, Архитектора Власова 71 корпус 1",Не указано,https://cdn.esoft.digital/content/cluster/ecoobjects/81/ae/6ec74a3d607109954d44b66e923ffb1fe951ae81.png,https://msk.etagi.com/realty/9672928/,010100000043E21E4B1FC4424044C4CDA964D44B40,POINT(37.532205 55.659322),0.309
92,15900000,63.00,2,false,21,25,2025,станция Перерва,1100.00,17.00,"Москва, Люблино, к3",Не указано,https://cdn.esoft.digital/content/cluster/ecoobjects26/03/4a/1f01c8d8ec6f2463a7017e1f6212842636a8834a.jpeg,https://msk.etagi.com/realty/1773523/,0101000000096B63EC84E14240793F6EBF7CD64B40,POINT(37.761869 55.675682),0.472
93,10950000,22.60,0,true,27,33,2026,станция Лихоборы,1300.00,20.00,"Москва, Западное Дегунино, Ильменский проезд 4 корпус 1",Не указано,https://cdn.esoft.digital/content/cluster/ecoobjects/9d/2a904aedbb32365e98502d9b1f59d7f24cd99a9d.png,https://msk.etagi.com/realty/11707111/,010100000029232E008DC64240B4CA4C69FDED4B40,POINT(37.551178 55.859296),0.324
94,19500000,27.30,0,true,3,29,2026,станция Аминьевская,200.00,3.00,"Москва, Раменки, Мосфильмовская 100",Не указано,https://cdn.esoft.digital/content/cluster/ecoobjects/4b/47c0967fce4faa98dbb0776351e9079d6e0c594b.jpeg,https://msk.etagi.com/realty/947972/,0101000000AAD4EC8156BC424054909F8D5CD94B40,POINT(37.47139 55.698137),0.27
95,11500000,38.51,2,false,18,21,2025,станция Калитники,500.00,8.00,"Москва, Нижегородский, Автомобильный проезд 4 корпус 2кв6006",Не указано,https://cdn.esoft.digital/content/cluster/ecoobjects/3e/afd8479a11d678a66bcbe1e0915c2cf4c760373e.jpeg,https://msk.etagi.com/realty/844925/,0101000000F4C29D0B23D94240E20511A969DD4B40,POINT(37.696382 55.729787),0.341
96,25500000,40.00,2,false,28,53,2026,станция Трикотажная,500.00,8.00,"Москва, Покровское-Стрешнево, Волоколамское шоссе 95/1",Не указано,https://cdn.esoft.digital/content/cluster/ecoobjects/b2/f3/1da2f40217c35255b183622aa1b0f32fdbeff3b2.jpeg,https://msk.etagi.com/realty/5731456/,010100000023DDCF29C8B3424060EAE74D45EA4B40,POINT(37.404546 55.83024),0.26
97,15300000,25.78,0,true,3,30,2025,станция Покровское-Стрешнево,300.00,5.00,"Москва, Щукино, 3-й Красногорский проезд 5",Не указано,https://cdn.esoft.digital/content/cluster/photos/9a/52/9cc26c12acc44c25770e1f6d6fbe263988c4529a.jpeg,https://msk.etagi.com/realty/615359/,0101000000F435CB65A3BD4240E3C281902CE84B40,POINT(37.481549 55.81386),0.493
98,9500000,21.10,1,false,6,16,2026,метро Коммунарка,1000.00,15.00,"посёлок Газопровод, Сосенское, к2.2",Не указано,https://cdn.esoft.digital/content/cluster/ecoobjects26/03/b7/7457023ac132fb3ffe3a8ef673ac89a678d5a7b7.jpeg,https://msk.etagi.com/realty/11963501/,01010000000ADAE4F049BD42409835B1C057CA4B40,POINT(37.478819 55.580803),0.462
99,15300000,47.03,2,false,13,17,2026,метро Прокшино,1900.00,29.00,"посёлок Газопровод, Сосенское, 2",Не указано,https://cdn.esoft.digital/content/cluster/ecoobjects/5c/86/6084add09d2ace0992ec38b38998f6af52b5865c.jpeg,https://msk.etagi.com/realty/10368804/,01010000000ADAE4F049BD42409835B1C057CA4B40,POINT(37.478819 55.580803),0.462
100,15500000,38.00,1,false,14,25,2026,,,,"Московский, Киевское шоссе 1ка",Не указано,https://cdn.esoft.digital/content/cluster/ecoobjects26/03/19/906efa48afa90c601bcf5b8e6e042f86c8051219.jpeg,https://msk.etagi.com/realty/12162784/,010100000060014C1938B84240B6BDDD921CD04B40,POINT(37.439212 55.625872),0.296
101,18300000,51.40,2,false,12,12,2025,метро Новомосковская,900.00,14.00,"Сосенское, 3.2",Не указано,https://cdn.esoft.digital/content/cluster/ecoobjects26/03/48/ddeb8425bc032a827a4dd42cce0733039a6ee448.jpeg,https://msk.etagi.com/realty/12158563/,0101000000E8BB5B59A2BB4240D925AAB706CA4B40,POINT(37.465892 55.57833),0.446
102,9500000,23.00,0,true,10,17,2025,,,,"Сосенское, Эдварда Грига 7",Не указано,https://cdn.esoft.digital/content/cluster/ecoobjects26/03/d3/444dcaa4a44b517c4af3b33db34ec236870524d3.jpeg,https://msk.etagi.com/realty/12137142/,010100000015C78157CBBF424064CC5D4BC8C74B40,POINT(37.498393 55.5608),0.339
103,16250000,53.20,2,false,3,19,2025,метро Потапово,2200.00,33.00,"Сосенское, 9.1",Не указано,https://cdn.esoft.digital/content/cluster/ecoobjects26/03/9e/43bf5f42f329a9c887389af5865170a81fa3319e.png,https://msk.etagi.com/realty/12075974/,0101000000E8BB5B59A2BB4240D925AAB706CA4B40,POINT(37.465892 55.57833),0.446
104,9200000,22.70,0,true,15,20,2025,метро Прокшино,1000.00,15.00,"Сосенское, Братьев Гранат 8",Не указано,https://cdn.esoft.digital/content/cluster/ecoobjects26/03/42/9b68e0358b85ebe4d8023d072eb8e3f5b2b88642.jpeg,https://msk.etagi.com/realty/12073632/,01010000003F52448655B84240397F130A11CC4B40,POINT(37.44011 55.59427),0.432
105,14700000,53.10,3,false,6,9,2025,,,,"Мосрентген, 5с4 корпус 1",Не указано,https://cdn.esoft.digital/content/cluster/ecoobjects26/03/c3/6397907215decb3ec382e06c834cccd8033b64c3.png,https://msk.etagi.com/realty/12068044/,01010000008B355CE49EBC424001FBE8D495CF4B40,POINT(37.473599 55.62176),0.571
106,15200000,36.20,1,false,4,15,2025,,,,"Сосенское, Лобановский Лес 7",Не указано,https://cdn.esoft.digital/content/cluster/ecoobjects26/03/7d/84c50966221597ca2f8e04ecd4f2689f0051ab7d.jpeg,https://msk.etagi.com/realty/12022446/,01010000000ADAE4F049B742403ECDC98B4CCC4B40,POINT(37.431944 55.596086),0.489
107,12000000,39.10,1,false,8,16,2025,,,,"Десёновское, к4.2",Не указано,https://cdn.esoft.digital/content/cluster/ecoobjects26/03/b3/e8156c67d35bf199a2badf7bdb7ab84fe800d3b3.png,https://msk.etagi.com/realty/12009637/,0101000000000000000000F87F000000000000F87F,,
109,24750000,60.00,3,false,11,17,2025,метро Потапово,1700.00,26.00,"Сосенское, проспект Куприна 7 корпус 1",Не указано,https://cdn.esoft.digital/content/cluster/ecoobjects26/03/7d/8adf6201e39807cbfec3a21e935f9ecfcf79f57d.jpeg,https://msk.etagi.com/realty/11971059/,01010000004DF8A57EDEBC424090BC732843C54B40,POINT(37.47554 55.541112),0.346
110,16500000,64.30,1,false,4,12,2026,,,,"Десёновское, к4.1",Не указано,https://cdn.esoft.digital/content/cluster/ecoobjects26/03/f3/2eb6227ce7092ffe013b073a750f0d0ef2a47ef3.jpeg,https://msk.etagi.com/realty/11889447/,0101000000000000000000F87F000000000000F87F,,
111,24500000,70.40,3,false,5,7,2025,метро Потапово,1800.00,27.00,"Сосенское, проспект Куприна 9 корпус 2",Не указано,https://cdn.esoft.digital/content/cluster/ecoobjects26/02/03/38511a04f7c6ef1a10cedb5211222207172bcd03.jpeg,https://msk.etagi.com/realty/11883415/,0101000000450DA661F8BC4240A2D0B2EE1FC54B40,POINT(37.47633 55.540037),0.363
112,9390000,33.45,1,false,2,10,2025,,,,"Филимонковское, к11",Не указано,https://cdn.esoft.digital/content/cluster/ecoobjects26/03/a9/18a7664a02f26a035e28f400229d73584eebaea9.jpeg,https://msk.etagi.com/realty/11883174/,0101000000000000000000F87F000000000000F87F,,
113,10400000,37.00,1,false,6,14,2027,,,,"жилой район Новые Ватутинки, 2",Не указано,https://cdn.esoft.digital/content/cluster/ecoobjects26/02/4d/2fd1ddd34fa4e0b3f7d6ffccbcf85ada5b34d94d.jpeg,https://msk.etagi.com/realty/11877459/,010100000034D769A4A5AC42404694F6065FC24B40,POINT(37.348805 55.518525),0.329
114,13500000,37.60,2,false,3,16,2025,метро Новомосковская,800.00,12.00,"Сосенское, 1в",Не указано,https://cdn.esoft.digital/content/cluster/ecoobjects26/02/79/111887217d2d07b9220b5fb1661f10315be13579.jpeg,https://msk.etagi.com/realty/11873608/,0101000000000000000000F87F000000000000F87F,,
115,15199999,38.50,1,false,8,15,2025,,,,"Десёновское, 4.9",Не указано,https://cdn.esoft.digital/content/cluster/ecoobjects26/02/7f/17fada35e80a1370334f581305dc4623b05c707f.jpeg,https://msk.etagi.com/realty/11833236/,0101000000CE8B135FEDAE4240D88349F1F1BF4B40,POINT(37.366619 55.499571),0.853
116,13350000,30.10,0,true,4,15,2025,,,,"Филимонковское, Харлампиева 32",Не указано,https://cdn.esoft.digital/content/cluster/ecoobjects26/02/93/0764ef04a9024a6baef0a1366b49db7af01cfb93.jpeg,https://msk.etagi.com/realty/11811255/,01010000002FC214E5D2A842402315C61682C64B40,POINT(37.318936 55.550845),0.527
117,8150000,25.60,0,true,6,25,2025,,,,"Мосрентген, к2.2",Не указано,https://cdn.esoft.digital/content/cluster/ecoobjects26/02/37/44d1c6b32a8dd15dfb81be34c28cdd08bdb84737.png,https://msk.etagi.com/realty/11792664/,0101000000C9E369F981BB4240511212691BCF4B40,POINT(37.464904 55.618024),0.327
118,14500000,37.30,2,false,14,17,2025,,,,"Сосенское, 28.3",Не указано,https://cdn.esoft.digital/content/cluster/ecoobjects26/02/c1/a1363c1434ca5ece18810d847e1bdf747aadaec1.png,https://msk.etagi.com/realty/11781412/,0101000000E8BB5B59A2BB4240D925AAB706CA4B40,POINT(37.465892 55.57833),0.446
119,14000000,33.28,1,false,10,18,2026,,,,"Внуковское, жкгородскиеистории,копр.1 корпус 2",Не указано,https://cdn.esoft.digital/content/cluster/ecoobjects26/02/cd/175fd64bfb6036254c61347778a82cebdd2b8acd.jpeg,https://msk.etagi.com/realty/11691077/,01010000005EF3AACE6AA9424073F56393FCD04B40,POINT(37.323572 55.632708),0.478
120,12700000,34.50,1,false,8,19,2025,метро Потапово,2100.00,32.00,"Сосенское, 9.3",Не указано,https://cdn.esoft.digital/content/cluster/eco_newhouses_photos/34/42e04fd3cf99b2e97b055affb321a427b7bd7c34.jpeg,https://msk.etagi.com/realty/10949590/,0101000000E8BB5B59A2BB4240D925AAB706CA4B40,POINT(37.465892 55.57833),0.446
121,12499000,26.00,0,true,9,25,2026,,,,"Московский, к1",Не указано,https://cdn.esoft.digital/content/cluster/ecoobjects26/01/86/7bfee5c93b01d6c9a2f7270228b24867f0283d86.jpeg,https://msk.etagi.com/realty/10851533/,0101000000B3B27DC85BAC4240D828EB3713CD4B40,POINT(37.346551 55.602149),0.54
122,10700000,40.90,1,false,2,17,2026,метро Улица Горчакова,1800.00,27.00,"Сосенское, 18.2.6",Не указано,https://cdn.esoft.digital/content/cluster/ecoobjects25/12/61/3edc3d7ce78feba9c64d066a50d20b453288c861.png,https://msk.etagi.com/realty/10693858/,0101000000E8BB5B59A2BB4240D925AAB706CA4B40,POINT(37.465892 55.57833),0.446
123,12000000,32.20,1,false,5,18,2026,,,,"Мосрентген, 1",Не указано,https://cdn.esoft.digital/content/cluster/eco_newhouses_photos/f8/9344cf5d0dff0324a6b2b8d042c6b9289a1b77f8.jpeg,https://msk.etagi.com/realty/10655071/,0101000000EFC517EDF1BC4240A6B8AAECBBCE4B40,POINT(37.476133 55.61511),0.51
124,16950000,39.60,2,false,12,15,2025,метро Прокшино,900.00,14.00,"Сосенское, 10.1",Не указано,https://cdn.esoft.digital/content/cluster/ecoobjects/3e/b9/70fba1eb820c5489cc532b62afd050f56952b93e.jpeg,https://msk.etagi.com/realty/10211723/,0101000000E8BB5B59A2BB4240D925AAB706CA4B40,POINT(37.465892 55.57833),0.446
125,12500000,36.70,1,false,5,17,2025,метро Бунинская аллея,2700.00,41.00,"Сосенское, 7.3",Не указано,https://cdn.esoft.digital/content/cluster/ecoobjects/2b/24/66321a0ba17bbb4abb6d7965d72a1361b7ce242b.jpeg,https://msk.etagi.com/realty/9810112/,0101000000E8BB5B59A2BB4240D925AAB706CA4B40,POINT(37.465892 55.57833),0.446
126,22900000,58.00,2,false,9,22,2025,метро Филатов Луг,600.00,9.00,"Сосенское, Большое Понизовье 8",Не указано,https://cdn.esoft.digital/content/cluster/ecoobjects26/03/18/b7c10cb7cc7d00e40a4376efc57e9c21ac7a9b18.jpeg,https://msk.etagi.com/realty/9714907/,01010000007D24253D0CB542400EF450DB86CD4B40,POINT(37.414436 55.605678),0.357
127,14600000,38.90,2,false,10,16,2025,,,,"Сосенское, 28.1",Не указано,https://cdn.esoft.digital/content/cluster/ecoobjects/56/59/a5c09dedd54ef4122fba276af6a4ae32a4485956.jpeg,https://msk.etagi.com/realty/9118010/,0101000000E8BB5B59A2BB4240D925AAB706CA4B40,POINT(37.465892 55.57833),0.446
128,15500000,58.10,2,false,5,18,2028,,,,"Московский, 74.2",Не указано,https://cdn.esoft.digital/content/cluster/ecoobjects/dc/23/5f6bdeed70e112bd855fb59e812bc901c4d323dc.png,https://msk.etagi.com/realty/9040032/,0101000000B3B27DC85BAC4240D828EB3713CD4B40,POINT(37.346551 55.602149),0.54
129,20000000,87.30,4,false,6,9,2025,метро Бунинская аллея,2700.00,41.00,"Сосенское, 7.1",Не указано,https://cdn.esoft.digital/content/cluster/ecoobjects/6b/12/2a15ebcbe2eae1a68c4968fa12811b9a1874126b.jpeg,https://msk.etagi.com/realty/5702766/,0101000000E8BB5B59A2BB4240D925AAB706CA4B40,POINT(37.465892 55.57833),0.446
130,7100000,25.12,0,true,14,17,2025,,,,"Филимонковское, к12",Не указано,https://cdn.esoft.digital/content/cluster/ecoobjects/cb/e80377231973cd346b432f2bd2c0870cde3cb8cb.jpeg,https://msk.etagi.com/realty/976485/,0101000000000000000000F87F000000000000F87F,,
131,33000000,84.00,3,false,24,33,2025,станция Бульвар Рокоссовского,600.00,9.00,"Москва, Метрогородок, Тагильская 2",Не указано,,https://msk.etagi.com/realty/12179786/,0101000000D26F5F07CEDF42402C9B3924B5E84B40,POINT(37.748475 55.818028),0.287
132,136426000,74.90,2,false,7,18,2026,метро Воробьёвы горы,900.00,14.00,"Москва, Хамовники, hl1",Не указано,https://cdn.esoft.digital/content/cluster/ecoobjects/a0/44/38aae8fbab01e360840fa5734c9ee97fb62244a0.jpeg,,0101000000543882548AC9424051A3906456DD4B40,POINT(37.574534 55.729199),0.31
133,15150120,38.20,2,false,29,35,2026,станция Ростокино,800.00,12.00,"Москва, Свиблово, проспект Мира 211 корпус 2",Не указано,https://cdn.esoft.digital/content/cluster/ecoobjects26/01/a8/67217bfd454dd0952142c1588a4f5457b938aaa8.jpeg,,01010000008CF4A276BFD442403C1405FA44EC4B40,POINT(37.662093 55.845855),0.202
134,26603572,43.70,1,false,21,35,2025,метро Технопарк,300.00,5.00,"Москва, Даниловский, проспект Андропова 18 корпус 9",Не указано,https://cdn.esoft.digital/content/cluster/ecoobjects26/03/61/33687b209d880e8d83d83cec48d4b94ee4752b61.jpeg,,01010000006A12BC218DD4424000C45DBD8AD84B40,POINT(37.660557 55.691734),0.207
135,89563320,113.93,5,false,30,30,2025,станция Покровское-Стрешнево,300.00,5.00,"Москва, 3-й Красногорский проезд 5",Не указано,https://cdn.esoft.digital/content/cluster/ecoobjects/12/27/9b9af1535df09fde9d4f53ee286d07a656e02712.jpeg,,0101000000F435CB65A3BD4240E3C281902CE84B40,POINT(37.481549 55.81386),0.493
136,459395000,330.00,0,true,1,19,2025,метро Савёловская,300.00,5.00,"Москва, Беговой, Бумажный проезд 19с2",Не указано,https://cdn.esoft.digital/content/cluster/ecoobjects/f4/bd/f1940d1a661a7120a271193b68833aa53806bdf4.jpeg,,01010000009ACFB9DBF5CA424064B14D2A1AE54B40,POINT(37.585628 55.789861),0.23
137,31284110,77.31,3,false,7,10,2026,станция Трикотажная,500.00,8.00,"Москва, Покровское-Стрешнево, Волоколамское шоссе 95/1 корпус 11",Не указано,https://cdn.esoft.digital/content/cluster/ecoobjects/fc/b83827262f942c909f9e57a26f087f72e3d05cfc.jpeg,,010100000023DDCF29C8B3424060EAE74D45EA4B40,POINT(37.404546 55.83024),0.26
138,25703245,61.35,2,false,20,52,2026,станция Трикотажная,500.00,8.00,"Москва, Покровское-Стрешнево, Волоколамское шоссе 95/1 корпус 7",Не указано,https://cdn.esoft.digital/content/cluster/ecoobjects/f7/98fc818b2aef1ef1f58ccd6b9ff0ef34d5edadf7.jpeg,,01010000006878B306EFB3424052B7B3AF3CEA4B40,POINT(37.405732 55.829977),0.262
139,121814604,129.72,0,true,30,82,2027,метро Деловой центр,400.00,6.00,"Москва, Пресненский, 1-й Красногвардейский проезд",Не указано,https://cdn.esoft.digital/content/cluster/ecoobjects/bf/735706de8002d5ea2044062722b9e828a04118bf.jpeg,,010100000008556AF640C542407442E8A04BE04B40,POINT(37.541045 55.752308),0.266
140,41227590,174.90,5,false,2,14,2025,,,,"Сосенское, 3.4",Не указано,https://cdn.esoft.digital/content/cluster/ecoobjects26/03/7a/a11812f0125165f1d3423cfa4ce05c68af8b1a7a.png,,0101000000E8BB5B59A2BB4240D925AAB706CA4B40,POINT(37.465892 55.57833),0.446
141,19492460,39.50,2,false,12,15,2025,,,,"Десёновское, к4.4",Не указано,https://cdn.esoft.digital/content/cluster/ecoobjects26/03/2e/d964131e83e95d52368e34db2829b55df73d472e.jpeg,,0101000000000000000000F87F000000000000F87F,,
142,25907840,64.00,4,false,7,12,2025,,,,"Десёновское, 4/4",Не указано,https://cdn.esoft.digital/content/cluster/ecoobjects26/03/47/f0b50942c606ef8f048a1df3a749dded81523e47.jpeg,,0101000000000000000000F87F000000000000F87F,,
143,16520414,38.60,2,false,4,18,2025,метро Бунинская аллея,2600.00,39.00,"Сосенское, 5",Не указано,https://cdn.esoft.digital/content/cluster/ecoobjects26/03/20/6610156e492168397d5503cc67ba7a46e8cd2120.png,,0101000000000000000000F87F000000000000F87F,,
144,25100787,73.00,2,false,2,15,2025,метро Прокшино,900.00,14.00,"Сосенское, 10.1.1",Не указано,https://cdn.esoft.digital/content/cluster/ecoobjects26/03/2a/04e3e3ccda78ac68e7927fbb1d258d2633ebfb2a.jpeg,,0101000000B1321AF9BCB64240B83EAC376ACD4B40,POINT(37.427642 55.604804),0.468
145,20796560,47.00,2,false,5,16,2025,метро Прокшино,800.00,12.00,"Сосенское, 7",Не указано,https://cdn.esoft.digital/content/cluster/ecoobjects26/03/d0/31a85a868fcddbdba93930c18f71e7170da25bd0.png,,0101000000000000000000F87F000000000000F87F,,
146,15746211,35.10,1,false,8,13,2025,метро Прокшино,1000.00,15.00,"Сосенское, 11.2",Не указано,https://cdn.esoft.digital/content/cluster/ecoobjects26/03/9e/f3896a8a60a78ae16bcb22d8c5192794d071b59e.png,,0101000000E8BB5B59A2BB4240D925AAB706CA4B40,POINT(37.465892 55.57833),0.446
147,26465280,64.00,3,false,8,15,2025,метро Прокшино,1100.00,17.00,"Сосенское, к10.1.1",Не указано,https://cdn.esoft.digital/content/cluster/ecoobjects26/03/80/9bc711bcf54dabee2fcd664efe79a92cfeb53d80.png,,0101000000000000000000F87F000000000000F87F,,
148,23928530,64.10,2,false,2,34,2025,станция Дегунино,1100.00,17.00,"Москва, Алтуфьевский, Алтуфьевское шоссе 53",Не указано,https://cdn.esoft.digital/content/cluster/layouts26/03/2b/e30d0851aa28b5f7c7dd6ce3b7c889f0a5adc52b.jpeg,,0101000000A1BAB9F8DBCA42401A33897AC1EF4B40,POINT(37.584838 55.873092),0.371
149,37160143,47.03,1,false,57,73,2026,станция Площадь Гагарина,600.00,9.00,"Москва, Донской, 5-й Донской проезд вл21 корпус 6",Не указано,https://cdn.esoft.digital/content/cluster/layouts26/03/71/97df8e87347100e6a81abb17a8e3644824d22d71.png,,010100000071E82D1EDECB424030849CF7FFD94B40,POINT(37.592716 55.703124),0.31
150,60557040,60.40,2,false,24,32,2025,метро Павелецкая,800.00,12.00,"Москва, Даниловский, Летниковская 11 корпус 5",Не указано,https://cdn.esoft.digital/content/cluster/layouts26/03/c8/314365385aceeb6ab47f981e293d0c00f3109ec8.jpeg,,0101000000D594641D8ED24240A1F48590F3DC4B40,POINT(37.644962 55.726183),0.211
151,20820897,38.77,1,false,28,54,2025,станция Трикотажная,300.00,5.00,"Москва, Покровское-Стрешнево, б2",Не указано,https://cdn.esoft.digital/content/cluster/layouts26/03/aa/a1902278af63dc380f8e494c955b9a05b3fc6baa.jpeg,,0101000000B1C403CAA6B84240618907944DE94B40,POINT(37.44259 55.82268),0.374
152,59524000,64.05,2,false,16,33,2025,станция Белорусская,800.00,12.00,"Москва, Пресненский, Пресненский Вал 27 корпус 2/1",Не указано,https://cdn.esoft.digital/content/cluster/layouts26/03/b3/9ad5b1b88ce2e9d6bc0281b5ad295e1fca3a8bb3.png,,0101000000DFFB1BB457C94240CCEF3499F1E24B40,POINT(37.572989 55.772998),0.255
153,30662503,40.23,1,false,24,25,2025,метро Нагатинская,300.00,5.00,"Москва, Нагатино-Садовники, Нагатинская к3вл1",Не указано,https://cdn.esoft.digital/content/cluster/layouts26/03/18/e8fc31f26575d32197565bc2b5c2e3b90e713918.jpeg,,0101000000C45C52B5DDD042402060ADDA35D74B40,POINT(37.631766 55.681331),0.279
154,57500000,45.50,2,false,55,26,2025,станция Белорусская,500.00,8.00,"Москва, Пресненский, к2.1",Не указано,https://cdn.esoft.digital/content/cluster/layouts26/03/f3/e2eaae7e5c6c3fe4abb552ba1ba835af1d1155f3.jpeg,,010100000024473A0323C9424051A3906456E14B40,POINT(37.571381 55.760449),0.339
155,18305600,34.00,1,false,2,14,2027,метро Медведково,1200.00,18.00,"Москва, Северное Медведково, 1.6",Не указано,https://cdn.esoft.digital/content/cluster/layouts26/03/96/027ad09c05a31255b44b78a84b1b6cb92402e996.jpeg,,0101000000A5129ED0EBD3424003EE79FEB4F14B40,POINT(37.655634 55.888336),0.497
156,24228657,63.81,2,false,2,32,2025,станция Ховрино,1200.00,18.00,"Москва, Западное Дегунино, Ижорская 6 корпус 7",Не указано,https://cdn.esoft.digital/content/cluster/layouts26/03/fb/ccf096c5ce962d8d8068d3e31e46d057fdb6b7fb.jpeg,,0101000000C51C041DADC0424000C974E8F4F04B40,POINT(37.505283 55.882474),0.315
157,11557040,25.30,0,true,12,50,2027,метро Медведково,1200.00,18.00,"Москва, Северное Медведково, 1.5",Не указано,https://cdn.esoft.digital/content/cluster/layouts26/03/cc/f096e428f0a73775f0d2d11c90532930d7f894cc.jpeg,,0101000000A5129ED0EBD3424003EE79FEB4F14B40,POINT(37.655634 55.888336),0.497
158,28000000,62.50,2,false,32,35,2025,метро Нагатинская,1300.00,20.00,"Москва, Нагатино-Садовники, 5",Не указано,https://cdn.esoft.digital/content/cluster/layouts26/03/9a/36c5240937c6cb8426143dc5d9e8ff27ea3e309a.jpeg,,0101000000669FC728CFD242405F27F56569D74B40,POINT(37.646947 55.682904),0.325
159,27590930,46.40,2,false,12,13,2026,метро Кожуховская,800.00,12.00,"Москва, Печатники, 14",Не указано,https://cdn.esoft.digital/content/cluster/layouts26/03/ab/e5c1828ec8d35c21ff2b93b7b0b110043d11a4ab.jpeg,,01010000002E7079AC19DD4240A1A3552DE9D84B40,POINT(37.727346 55.694616),0.371
160,31173313,56.30,3,false,11,23,2026,,,,"Москва, Печатники, 13",Не указано,https://cdn.esoft.digital/content/cluster/layouts26/03/69/c2cc46fa1b45f279fb0fcd7a416ee3a5e66aa269.jpeg,,01010000002E7079AC19DD4240A1A3552DE9D84B40,POINT(37.727346 55.694616),0.371
161,59388390,82.70,2,false,21,24,2025,метро Ботанический сад,600.00,9.00,"Москва, Ростокино, Сельскохозяйственная 26с11",Не указано,https://cdn.esoft.digital/content/cluster/layouts26/03/97/63d0a87a3e641e13b791e94104279e45277a1297.png,,01010000003FFD67CD8FD14240A3E6ABE463EB4B40,POINT(37.637201 55.838986),0.55
162,257919540,196.60,4,false,3,11,2025,метро Крестьянская Застава,1100.00,17.00,"Москва, Даниловский, 1-й Дербеневский переулок 3",Не указано,https://cdn.esoft.digital/content/cluster/layouts26/03/ed/7167c078064b31fb98d82e38602f3ea7a07418ed.jpeg,,01010000006458C51B99D34240FFEC478AC8DC4B40,POINT(37.65311 55.72487),0.173
163,575688960,277.20,4,false,18,17,2027,станция Площадь Гагарина,700.00,11.00,"Москва, Донской, к2",Не указано,https://cdn.esoft.digital/content/cluster/layouts26/03/5b/7dafbbbd7d25d1ee9eec9daf0eaa09d35ed0ce5b.png,,01010000007F6ABC7493CC4240BDA60705A5DA4B40,POINT(37.59825 55.708161),0.282
164,15359126,34.00,1,false,13,24,2025,станция Новопеределкино,500.00,8.00,"Москва, Солнцево, к6",Не указано,https://cdn.esoft.digital/content/cluster/layouts26/03/00/3b306d22e4a250f829481e0001df0b29fdabb400.jpeg,,01010000003A234A7B83B542405E64027E8DD24B40,POINT(37.418075 55.644943),0.617
165,22184360,50.80,2,false,10,25,2025,станция Депо,1100.00,17.00,"Москва, Люблино, к12",Не указано,https://cdn.esoft.digital/content/cluster/layouts26/03/e7/cd50562760a34ff89dbc140f9591ac3e616f93e7.jpeg,,0101000000096B63EC84E14240793F6EBF7CD64B40,POINT(37.761869 55.675682),0.472
166,72077802,79.55,3,false,20,39,2027,станция Поклонная,700.00,11.00,"Москва, Раменки, к2",Не указано,https://cdn.esoft.digital/content/cluster/layouts26/03/c1/bc4328eccefccf200f1850c36c2b4385716831c1.png,,0101000000AF264F594DBF42400D71AC8BDBD84B40,POINT(37.494548 55.6942),0.525
167,32790000,43.80,2,false,9,9,2025,метро Озёрная,300.00,5.00,"Москва, Очаково-Матвеевское, вл42",Не указано,https://cdn.esoft.digital/content/cluster/layouts26/03/bb/2271a50020746c00e2bd600d0eddcb685dc8b8bb.jpeg,,01010000000B992B836AB942401DC70F9546D84B40,POINT(37.448563 55.689654),0.438
168,45690000,68.40,3,false,15,28,2025,метро Озёрная,300.00,5.00,"Москва, Очаково-Матвеевское, Озёрная вл42",Не указано,https://cdn.esoft.digital/content/cluster/layouts26/03/17/580114ef8845ccc44ee6d45962e93c6c00485217.jpeg,,0101000000CCB56801DAB84240D522A298BCD54B40,POINT(37.444153 55.669818),0.292
169,51652296,84.30,3,false,6,10,2025,метро Свиблово,400.00,6.00,"Москва, Свиблово, Снежная 20а",Не указано,https://cdn.esoft.digital/content/cluster/layouts26/03/52/8458e489f09f43d73e3631f4530993b5fad48c52.png,,0101000000286211C30ED34240F5BC1B0B0AED4B40,POINT(37.648888 55.851869),0.499
170,18649348,37.80,1,false,24,10,2025,станция Новопеределкино,600.00,9.00,"Москва, Солнцево, Производственная 19ак2",Не указано,https://cdn.esoft.digital/content/cluster/layouts26/03/8f/8c879cdfa8b1798faffd06bf5bcc07250afc4a8f.jpeg,,01010000009581035ABAB04240B01C210379D24B40,POINT(37.380687 55.644318),0.338
171,43303896,81.00,3,false,21,26,2025,станция Хорошёво,1100.00,17.00,"Москва, Хорошёво-Мнёвники, 3",Не указано,https://cdn.esoft.digital/content/cluster/layouts26/03/40/4c037441daa8da02690fd3d4e82359dba2bc7f40.png,,0101000000D8BB3FDEABBC4240D1764CDD95E34B40,POINT(37.473995 55.778011),0.468
172,17617741,29.30,0,true,12,38,2026,метро Технопарк,400.00,6.00,"Москва, Даниловский, к1",Не указано,https://cdn.esoft.digital/content/cluster/layouts26/03/9f/761ab555f1bcdaec7846826c2055f17de933189f.jpeg,,010100000004FEF0F3DFCF4240782634492CDB4B40,POINT(37.624022 55.712289),0.307
173,18416343,37.00,1,false,16,19,2025,станция Курьяново,700.00,11.00,"Москва, Марьино, 2",Не указано,https://cdn.esoft.digital/content/cluster/layouts26/02/27/216b285ae9752e20a2fd8feb36677986fdf36d27.png,,01010000001B683EE76EA942407A50508A56C64B40,POINT(37.323697 55.549516),0.476
174,111852656,140.70,4,false,25,24,2027,станция Красный Балтиец,600.00,9.00,"Москва, Аэропорт, к1",Не указано,https://cdn.esoft.digital/content/cluster/layouts26/02/a4/9080cec3569d5ca1eb337be828461828ccd200a4.jpeg,,010100000000917EFB3AC44240077B134372E64B40,POINT(37.53305 55.800362),0.375
175,12837933,35.28,1,false,3,14,2025,станция Новоподрезково,600.00,9.00,"Москва, ЖК Молжаниново, 4",Не указано,https://cdn.esoft.digital/content/cluster/layouts26/02/e3/d0c7fd644b7acd1e7eaa7345c58cf0d9cc6a53e3.png,,01010000009B030473F4AE42405DBF60376CF74B40,POINT(37.366835 55.93299),0.514
176,202577512,254.70,8,false,36,37,2025,метро Мичуринский проспект,700.00,11.00,"Москва, Очаково-Матвеевское, к1",Не указано,https://cdn.esoft.digital/content/cluster/layouts26/02/1a/50d57b5b8f4e2c728e5be7f71c0442cfd9e0861a.jpeg,,01010000000B992B836AB942401DC70F9546D84B40,POINT(37.448563 55.689654),0.438
177,724450000,291.20,7,false,3,7,2025,метро Курская,600.00,9.00,"Москва, Басманный, Подсосенский переулок 3 корпус 2",Не указано,https://cdn.esoft.digital/content/cluster/layouts26/02/27/61ae057a963d2d695648dc506886d06e304c3327.jpeg,,0101000000F9F36DC152D3424055849B8C2AE14B40,POINT(37.650963 55.759111),0.229
178,34069700,83.30,3,false,13,14,2025,станция Лихоборы,600.00,9.00,"Москва, Тимирязевский, к3.2",Не указано,https://cdn.esoft.digital/content/cluster/layouts26/02/b9/af1df46a23eb4af42b7b8bd3096dd0dd34ad00b9.jpeg,,01010000005BCEA5B8AAC64240213EB0E3BFEA4B40,POINT(37.552085 55.833981),0.546
179,30534358,32.90,0,true,7,37,2027,метро Белорусская,300.00,5.00,"Москва, Беговой, Ленинградский проспект вл8",Не указано,https://cdn.esoft.digital/content/cluster/layouts26/02/3e/51eba269d1d51e59a95bc82c7cf6ed249c96af3e.png,,010100000048FC8A355CCA42404B766C04E2E34B40,POINT(37.580939 55.780335),0.213
180,27519940,52.70,2,false,20,25,2025,метро Свиблово,600.00,9.00,"Москва, Бабушкинский, 2.1",Не указано,https://cdn.esoft.digital/content/cluster/layouts26/01/f2/177d28a1b2b5622f4e122674fd2f61a7d4b490f2.jpeg,,0101000000B9FE5D9F39D54240E4688EACFCEE4B40,POINT(37.665821 55.867086),0.49
181,91966366,60.29,2,false,6,14,2026,метро Киевская,900.00,14.00,"Москва, Дорогомилово, Кутузовский проспект 2/1 корпус 1б",Не указано,https://cdn.esoft.digital/content/cluster/layouts26/01/c1/5bb8bfe313d38b8dcccef487467c37fd98998bc1.jpeg,,010100000060014C1938C8424033198EE733E04B40,POINT(37.564212 55.751584),0.215
182,170338154,183.00,6,false,41,42,2025,,,,"Москва, Очаково-Матвеевское, к2",Не указано,https://cdn.esoft.digital/content/cluster/layouts/66/a03c092c027b2d5d84e1cbb4d9c7269f5e265666.jpeg,,01010000000B992B836AB942401DC70F9546D84B40,POINT(37.448563 55.689654),0.438
183,47383235,130.90,4,false,1,17,2025,станция Электрозаводская,700.00,11.00,"Москва, Басманный, Большая Почтовая 18/20с6",Не указано,https://cdn.esoft.digital/content/cluster/layouts/4e/396503e5c7ae00562581b09b217840013beaf14e.jpeg,,010100000058E6ADBA0ED9424070EA03C93BE34B40,POINT(37.695762 55.775262),0.273
184,22113872,38.90,1,false,23,24,2025,метро Свиблово,700.00,11.00,"Москва, Бабушкинский, 2.2",Не указано,https://cdn.esoft.digital/content/cluster/layouts/2a/3d3173ba5cf751e85cdcd058e566ba00380e4a2a.jpeg,,0101000000B9FE5D9F39D54240E4688EACFCEE4B40,POINT(37.665821 55.867086),0.49
185,18464095,29.60,0,true,6,32,2025,метро Багратионовская,700.00,11.00,"Москва, Филёвский Парк, к8",Не указано,https://cdn.esoft.digital/content/cluster/layouts/ad/26ac8d697dc6fd54a38b7b12fa24b8a1b85d32ad.png,,0101000000DC9E20B1DDBD4240B64DF1B8A8DE4B40,POINT(37.483328 55.739524),0.502
212,17412408,47.70,2,false,15,17,2025,метро Прокшино,1000.00,15.00,"Сосенское, к11.2.2",Не указано,https://cdn.esoft.digital/content/cluster/layouts26/03/bb/deaa871c9be085bd3e45c764aa63801ba49114bb.png,,0101000000000000000000F87F000000000000F87F,,
186,67779510,104.10,3,false,4,55,2025,станция Марьина Роща,400.00,6.00,"Москва, Марьина Роща, 4-я улица Марьиной Рощи 10 корпус 7",Не указано,https://cdn.esoft.digital/content/cluster/layouts/98/c2d1b93876cc3bfd8cd2802c4f1f1e562397bc98.jpeg,,01010000005D8940F50FD04240D05E7D3CF4E54B40,POINT(37.625487 55.796516),0.36
187,504590000,348.70,0,true,18,22,2025,метро Улица 1905 года,800.00,12.00,"Москва, Пресненский, Сергея Макеева вл11/9с1-10",Не указано,https://cdn.esoft.digital/content/cluster/layouts/bb/2e45d359b0b841ba5dc07ebe23f68eddfc1359bb.jpeg,,01010000008141D2A755C642404A7D59DAA9E14B40,POINT(37.549489 55.762996),0.38
188,107285330,105.20,4,false,36,45,2026,метро Нагатинский Затон,500.00,8.00,"Москва, Нагатинский Затон, Корабельная 1",Не указано,https://cdn.esoft.digital/content/cluster/layouts/5c/f429725effe7de312af706634ebc12ab30c9ad5c.jpeg,,0101000000CC457C2766D94240E08442041CD84B40,POINT(37.69843 55.688355),0.254
189,18522000,36.00,1,false,5,24,2026,станция Новохохловская,800.00,12.00,"Москва, Текстильщики, 1-й Грайвороновский проезд 3ак3",Не указано,https://cdn.esoft.digital/content/cluster/layouts/9c/cef4cee7d56483d9895838cda525997ea4276e9c.jpeg,,0101000000350BB43BA4DC42405CCAF962EFDB4B40,POINT(37.723762 55.718243),0.306
190,161690236,220.80,7,false,17,19,2025,метро Академическая,200.00,3.00,"Москва, Академический, Профсоюзная вл6",Не указано,https://cdn.esoft.digital/content/cluster/layouts/8e/5962aabb89fe0896dac6ea24b035b7a75b17828e.png,,01010000008483BD8921C942400DA837A3E6D74B40,POINT(37.571336 55.686726),0.419
191,22302675,42.30,1,false,32,35,2025,метро Свиблово,600.00,9.00,"Москва, Бабушкинский, 2.4",Не указано,https://cdn.esoft.digital/content/cluster/layouts/fd/99bdd42eaacc561d9d803c02efb3c22157ccadfd.jpeg,,0101000000B9FE5D9F39D54240E4688EACFCEE4B40,POINT(37.665821 55.867086),0.49
192,19203206,33.60,1,false,18,34,2025,метро Нагатинская,1400.00,21.00,"Москва, Нагатино-Садовники, к1.3",Не указано,https://cdn.esoft.digital/content/cluster/layouts/3b/6e286aa438e2e8c8811c516b191bde6300d2fc3b.jpeg,,0101000000669FC728CFD242405F27F56569D74B40,POINT(37.646947 55.682904),0.325
193,33378800,45.50,2,false,29,34,2025,метро Воронцовская,500.00,8.00,"Москва, Обручевский, Обручева 23с3",Не указано,https://cdn.esoft.digital/content/cluster/layouts/15/19baaa7b423c7917bf3ad04f0d717dde5801ac15.jpeg,,0101000000130EBDC5C3C3424059BF99982ED44B40,POINT(37.529412 55.657672),0.306
194,33186720,71.40,3,false,2,35,2025,метро Бутырская,500.00,8.00,"Москва, Бутырский, к2.5",Не указано,https://cdn.esoft.digital/content/cluster/layouts/bd/52183fc01a74ee0f3ccee22c667fa2abe2634fbd.jpeg,,01010000005E4C33DDEBCA42402463B5F97FE34B40,POINT(37.585323 55.777343),0.207
195,71688000,101.50,4,false,22,23,2025,метро Спартак,900.00,14.00,"Москва, Покровское-Стрешнево, к1",Не указано,https://cdn.esoft.digital/content/cluster/layouts/26/0dc6f833d51448cb0da63a3b53e60cad21a76c26.jpeg,,0101000000B1C403CAA6B84240618907944DE94B40,POINT(37.44259 55.82268),0.374
196,39199903,77.90,3,false,4,20,2025,метро Нагатинская,500.00,8.00,"Москва, Нагатино-Садовники, Варшавское шоссе 37 корпус 4",Не указано,https://cdn.esoft.digital/content/cluster/ecoobjects/14/ccfc32ea79c3c4b2741fe46c18edb1084c59be14.png,,0101000000577BD80B05D04240A4C7EF6DFAD74B40,POINT(37.625154 55.68733),0.199
197,28800142,61.50,2,false,14,24,2025,метро Солнцево,700.00,11.00,"Москва, Солнцево, Производственная 15/2",Не указано,https://cdn.esoft.digital/content/cluster/ecoobjects/a1/854d9c6e67a5337fa088bb594c2246a7ad7eb4a1.jpeg,,01010000007BA01518B2B042405E2F4D11E0D24B40,POINT(37.380435 55.647463),0.405
198,34810560,86.40,3,false,20,34,2025,метро Нагатинская,1400.00,21.00,"Москва, Нагатино-Садовники, к1.5",Не указано,https://cdn.esoft.digital/content/cluster/ecoobjects/3a/96801ab791def89bd603f32a0b4097b8052a373a.jpeg,,0101000000669FC728CFD242405F27F56569D74B40,POINT(37.646947 55.682904),0.325
199,36203040,74.40,3,false,2,23,2025,метро Бутырская,500.00,8.00,"Москва, Бутырский, к2.6",Не указано,https://cdn.esoft.digital/content/cluster/ecoobjects/77/c284dd72811a8d88cf0df105bd0deaf38c95a277.jpeg,,01010000005E4C33DDEBCA42402463B5F97FE34B40,POINT(37.585323 55.777343),0.207
200,31481108,54.70,2,false,32,32,2025,метро Верхние Лихоборы,700.00,11.00,"Москва, Западное Дегунино, Ильменский проезд 2",Не указано,https://cdn.esoft.digital/content/cluster/ecoobjects/08/561684359bf9f0c57f7a09749c7e69f69a22e708.jpeg,,010100000029232E008DC64240B4CA4C69FDED4B40,POINT(37.551178 55.859296),0.324
201,8814643,35.28,1,false,7,14,2025,станция Остафьево,2300.00,35.00,"село Остафьево, Рязановское, к21",Не указано,https://cdn.esoft.digital/content/cluster/layouts26/03/f6/cb20db662a2cb81fd655c9013e2c85fc0d17fff6.png,,0101000000B935E9B644BE4240E31A9FC9FEBF4B40,POINT(37.486472 55.499963),0.696
202,17217232,90.35,3,false,3,14,2025,станция Остафьево,2200.00,33.00,"село Остафьево, Рязановское, к23",Не указано,https://cdn.esoft.digital/content/cluster/layouts26/02/c9/280bbd32e8b4bf8c0ba770270f840c08930f24c9.png,,0101000000C07630629FBE424014B01D8CD8BF4B40,POINT(37.489239 55.498796),0.734
203,8908867,22.54,0,true,4,12,2025,,,,"посёлок Остафьево, Рязановское, 21",Не указано,https://cdn.esoft.digital/content/cluster/layouts/1e/9a0a8b6342272de5081bcccdffb76e23f1b19c1e.png,,0101000000B935E9B644BE4240E31A9FC9FEBF4B40,POINT(37.486472 55.499963),0.696
204,14486944,21.40,1,false,16,19,2025,,,,"Сосенское, 11.1",Не указано,https://cdn.esoft.digital/content/cluster/layouts26/03/76/062efd61c1f8664e29061572424b4a5bf3cc8176.png,,0101000000E8BB5B59A2BB4240D925AAB706CA4B40,POINT(37.465892 55.57833),0.446
205,31524030,78.50,4,false,13,16,2025,метро Коммунарка,900.00,14.00,"Сосенское, 3.5",Не указано,https://cdn.esoft.digital/content/cluster/layouts26/03/74/bc20f0f2d0e09f455b7a7da425aee36994e13874.png,,0101000000E8BB5B59A2BB4240D925AAB706CA4B40,POINT(37.465892 55.57833),0.446
206,13343408,37.40,1,false,20,23,2025,,,,"Мосрентген, к2.3",Не указано,https://cdn.esoft.digital/content/cluster/layouts26/03/ae/03494c7b70e5ebf9211a438bcfcfd5e57b45b4ae.png,,0101000000C9E369F981BB4240511212691BCF4B40,POINT(37.464904 55.618024),0.327
207,15121612,39.80,2,false,9,9,2025,метро Потапово,1800.00,27.00,"Сосенское, 6",Не указано,https://cdn.esoft.digital/content/cluster/layouts26/03/14/73bdfab1c612bc4698f41b6acb2912e62884e414.png,,0101000000000000000000F87F000000000000F87F,,
208,14699160,39.90,1,false,13,19,2025,метро Потапово,2100.00,32.00,"Сосенское, 9",Не указано,https://cdn.esoft.digital/content/cluster/layouts26/03/ce/26441c2c1ce71ba139d181c376cb4ce9c87dc4ce.png,,0101000000000000000000F87F000000000000F87F,,
209,21926060,67.60,3,false,2,8,2025,метро Потапово,1700.00,26.00,"Сосенское, 6.4",Не указано,https://cdn.esoft.digital/content/cluster/layouts26/03/50/95b896bc0ecd19f97d436a12267b977b81d56150.png,,0101000000E8BB5B59A2BB4240D925AAB706CA4B40,POINT(37.465892 55.57833),0.446
213,24992000,70.40,3,false,11,11,2025,,,,"Сосенское, 6.2.1",Не указано,https://cdn.esoft.digital/content/cluster/layouts26/03/0b/feaa085a1f2b5c7382051659caa16bfe0f17c50b.png,,0101000000B1321AF9BCB64240B83EAC376ACD4B40,POINT(37.427642 55.604804),0.468
214,11735661,21.30,1,false,23,23,2025,метро Потапово,1200.00,18.00,"Сосенское, 6.2.2",Не указано,https://cdn.esoft.digital/content/cluster/layouts26/03/fd/69452ae51cd97c0939a9a9719079ff89c2aba8fd.png,,0101000000E8BB5B59A2BB4240D925AAB706CA4B40,POINT(37.465892 55.57833),0.446
215,38174904,112.80,4,false,18,21,2025,метро Потапово,1000.00,15.00,"Сосенское, 4.2",Не указано,https://cdn.esoft.digital/content/cluster/layouts26/03/d1/1015500f10e64cb8eaa3f1af161d94444e6db8d1.png,,0101000000E8BB5B59A2BB4240D925AAB706CA4B40,POINT(37.465892 55.57833),0.446
216,19353387,41.70,2,false,3,8,2025,,,,"Сосенское, 4.3",Не указано,https://cdn.esoft.digital/content/cluster/layouts26/03/08/7496c7a8e9229200ee1d4fc30e5e451ab31ee908.png,,0101000000E8BB5B59A2BB4240D925AAB706CA4B40,POINT(37.465892 55.57833),0.446
217,19699515,49.50,2,false,18,18,2025,,,,"Сосенское, 6.1.2",Не указано,https://cdn.esoft.digital/content/cluster/layouts26/03/ba/9ce08056c16fba18c0766d58dde6036055a350ba.png,,0101000000E8BB5B59A2BB4240D925AAB706CA4B40,POINT(37.465892 55.57833),0.446
218,22694494,61.70,4,false,15,15,2025,,,,"Десёновское, 3 корпус 7",Не указано,https://cdn.esoft.digital/content/cluster/layouts26/03/86/f21eaf7815cda74638088abcd42c0b7c09921586.png,,0101000000000000000000F87F000000000000F87F,,
219,20117276,44.60,2,false,13,13,2025,,,,"Сосенское, 6.1.1",Не указано,https://cdn.esoft.digital/content/cluster/layouts26/03/c1/c53b305719408d9400eac3621dd1410d1428dec1.png,,0101000000B1321AF9BCB64240B83EAC376ACD4B40,POINT(37.427642 55.604804),0.468
220,32408220,78.00,3,false,6,9,2025,,,,"Сосенское, 6.1.3",Не указано,https://cdn.esoft.digital/content/cluster/layouts26/03/53/a1ef7257b5cf0616a90e67a4fe6c5b3a50a28c53.png,,0101000000E8BB5B59A2BB4240D925AAB706CA4B40,POINT(37.465892 55.57833),0.446
221,27058035,66.10,4,false,18,18,2025,,,,"Сосенское, 6.1.4",Не указано,https://cdn.esoft.digital/content/cluster/layouts26/03/a0/5d664b8b30ea2bcd033c10ab8ecb8378c585efa0.png,,01010000009F573CF548B9424031D0B52FA0CD4B40,POINT(37.447539 55.606451),0.392
222,28412550,92.70,4,false,2,18,2025,метро Коммунарка,1000.00,15.00,"Сосенское, 2.3",Не указано,https://cdn.esoft.digital/content/cluster/layouts26/03/ea/2e1ae5091419dec1c04f4657194b301dc38114ea.png,,0101000000E8BB5B59A2BB4240D925AAB706CA4B40,POINT(37.465892 55.57833),0.446
223,20595630,41.70,2,false,8,9,2025,,,,"Сосенское, 4.1",Не указано,https://cdn.esoft.digital/content/cluster/layouts26/03/e9/4bc2ced1b91bbe2b27bef0189399704785df96e9.png,,0101000000E8BB5B59A2BB4240D925AAB706CA4B40,POINT(37.465892 55.57833),0.446
224,29175496,66.40,3,false,12,12,2025,,,,"Сосенское, 3.6",Не указано,https://cdn.esoft.digital/content/cluster/layouts26/03/dc/832c4d95711ca2fdfbbbb6478fbb0bb519a51cdc.png,,0101000000E8BB5B59A2BB4240D925AAB706CA4B40,POINT(37.465892 55.57833),0.446
225,20109180,58.00,3,false,14,19,2025,метро Потапово,2100.00,32.00,"Сосенское, проспект Куприна 11 корпус 2",Не указано,https://cdn.esoft.digital/content/cluster/layouts26/03/b0/ba628c94423de02467eea988e1d7c5218e3c44b0.png,,01010000006B80D250A3BC42402B33A5F5B7C44B40,POINT(37.473734 55.536864),0.488
226,17941332,47.10,2,false,18,22,2025,метро Бунинская аллея,2700.00,41.00,"Сосенское, 5.4",Не указано,https://cdn.esoft.digital/content/cluster/layouts26/03/d5/faf42cc65d8171816dc40b62b5420946ecfae0d5.png,,0101000000E8BB5B59A2BB4240D925AAB706CA4B40,POINT(37.465892 55.57833),0.446
227,9916452,23.40,1,false,16,19,2025,метро Бунинская аллея,2700.00,41.00,"Сосенское, проспект Куприна 11 корпус 1",Не указано,https://cdn.esoft.digital/content/cluster/layouts26/03/32/355d1ace51f692c5ee2b124db91c54df68070d32.png,,0101000000151C5E1091BC424069E388B5F8C44B40,POINT(37.473177 55.53884),0.446
228,25657344,69.60,3,false,3,9,2025,метро Потапово,1800.00,27.00,"Сосенское, проспект Куприна 9 корпус 1",Не указано,https://cdn.esoft.digital/content/cluster/layouts26/03/17/d73f5a9cbcc0106535c7e16aa8997d0e1cdba017.png,,010100000050DF32A7CBBC42401F0F7D772BC54B40,POINT(37.474965 55.540389),0.372
229,21788450,76.70,2,false,2,17,2025,,,,"Сосенское, к3.5",Не указано,https://cdn.esoft.digital/content/cluster/layouts26/03/f8/89357ece110ee9c1599b556f0ba9e2b66470e6f8.png,,0101000000000000000000F87F000000000000F87F,,
230,37654080,97.60,4,false,13,17,2025,метро Коммунарка,2100.00,32.00,"Сосенское, 25.7",Не указано,https://cdn.esoft.digital/content/cluster/layouts26/03/22/f2447abdf5965145a43c4a7989d1507e906e0f22.png,,0101000000E8BB5B59A2BB4240D925AAB706CA4B40,POINT(37.465892 55.57833),0.446
231,32933783,77.90,4,false,16,17,2025,,,,"Сосенское, 25.2",Не указано,https://cdn.esoft.digital/content/cluster/layouts26/03/7f/c5379e3032be8f7f0000e6d722b847248faf117f.png,,0101000000E8BB5B59A2BB4240D925AAB706CA4B40,POINT(37.465892 55.57833),0.446
232,31268281,77.90,4,false,15,17,2025,метро Коммунарка,2100.00,32.00,"Сосенское, 25.6",Не указано,https://cdn.esoft.digital/content/cluster/layouts26/03/de/abb7293e8d3b029554d76a05375b024dfd3773de.png,,0101000000E8BB5B59A2BB4240D925AAB706CA4B40,POINT(37.465892 55.57833),0.446
233,28454425,71.90,3,false,8,9,2026,,,,"Сосенское, 25.4",Не указано,https://cdn.esoft.digital/content/cluster/layouts26/03/33/733143956eae73b84469dd7e10308501d7034333.png,,0101000000E8BB5B59A2BB4240D925AAB706CA4B40,POINT(37.465892 55.57833),0.446
234,26165052,68.40,3,false,15,18,2025,,,,"Сосенское, 37.2.3",Не указано,https://cdn.esoft.digital/content/cluster/layouts26/03/12/7162b7da406b33c45f38a6d0d26007d469053e12.png,,0101000000E8BB5B59A2BB4240D925AAB706CA4B40,POINT(37.465892 55.57833),0.446
235,27449786,61.10,3,false,9,14,2025,метро Потапово,1000.00,15.00,"Сосенское, 28.4",Не указано,https://cdn.esoft.digital/content/cluster/layouts26/03/12/e6fcd5d704571a6479d08281b932b3ad6ab7ce12.png,,0101000000E8BB5B59A2BB4240D925AAB706CA4B40,POINT(37.465892 55.57833),0.446
236,29734860,58.00,3,false,13,14,2025,,,,"Сосенское, 25.1",Не указано,https://cdn.esoft.digital/content/cluster/layouts26/03/64/67c922a21a691c51d9c1c7b5ccdaf5e4d1025064.png,,0101000000E8BB5B59A2BB4240D925AAB706CA4B40,POINT(37.465892 55.57833),0.446
237,24221892,61.80,3,false,2,16,2025,,,,"Сосенское, 28.2",Не указано,https://cdn.esoft.digital/content/cluster/layouts26/03/7b/405bd5c654fd5a9b0c12c49db4a0a67ac6413b7b.png,,0101000000E8BB5B59A2BB4240D925AAB706CA4B40,POINT(37.465892 55.57833),0.446
238,27254540,66.20,4,false,16,18,2025,,,,"Сосенское, 37.2",Не указано,https://cdn.esoft.digital/content/cluster/layouts26/03/44/a17a58133135a65bb7696ff6509478cc4978ce44.png,,0101000000E8BB5B59A2BB4240D925AAB706CA4B40,POINT(37.465892 55.57833),0.446
239,26312600,85.00,2,false,2,18,2025,,,,"Сосенское, 37.2.2",Не указано,https://cdn.esoft.digital/content/cluster/layouts26/03/ad/b6b2be687a5528030450ca1b5174e74c8c7250ad.png,,0101000000E8BB5B59A2BB4240D925AAB706CA4B40,POINT(37.465892 55.57833),0.446
240,21854052,39.60,2,false,17,17,2025,,,,"Сосенское, 25.3",Не указано,https://cdn.esoft.digital/content/cluster/layouts26/03/c0/c1c088c5fbdb011de87e195121378db30674e6c0.png,,0101000000E8BB5B59A2BB4240D925AAB706CA4B40,POINT(37.465892 55.57833),0.446
241,17178900,33.10,1,false,12,17,2025,метро Прокшино,800.00,12.00,"Сосенское, 7.1.4",Не указано,https://cdn.esoft.digital/content/cluster/layouts26/03/3a/85720eab9548db8a04a5373455b049791815673a.png,,01010000009F573CF548B9424031D0B52FA0CD4B40,POINT(37.447539 55.606451),0.392
242,18986328,33.30,1,false,10,17,2025,метро Прокшино,800.00,12.00,"Сосенское, 7.1.3",Не указано,https://cdn.esoft.digital/content/cluster/layouts26/03/f2/f9bd74e90b0b4650d6f911684b3a1c06bb4084f2.png,,0101000000E8BB5B59A2BB4240D925AAB706CA4B40,POINT(37.465892 55.57833),0.446
243,19810731,47.10,2,false,12,12,2025,,,,"Сосенское, 11",Не указано,https://cdn.esoft.digital/content/cluster/layouts26/03/74/fed5a9cc8447a1b305b90dbf92757dff5741b274.png,,0101000000000000000000F87F000000000000F87F,,
244,29128176,61.60,3,false,14,17,2025,метро Прокшино,800.00,12.00,"Сосенское, 7.1.2",Не указано,https://cdn.esoft.digital/content/cluster/layouts26/03/9b/bebb6dcebbb2bde0490d40c5d8b411635998649b.png,,0101000000E8BB5B59A2BB4240D925AAB706CA4B40,POINT(37.465892 55.57833),0.446
245,19535140,50.80,2,false,12,16,2025,метро Прокшино,1100.00,17.00,"Сосенское, к11.2.3",Не указано,https://cdn.esoft.digital/content/cluster/layouts26/03/a2/d1de81c09b65e7721645f1e88516bc78250635a2.png,,010100000026A8E15B58BD4240ADA580B4FFCB4B40,POINT(37.479259 55.593741),0.45
246,20040240,52.80,2,false,19,19,2025,,,,"Сосенское, к9.1",Не указано,https://cdn.esoft.digital/content/cluster/layouts26/03/5e/ff1f487d6bcbb8a90161cfbd1af6ce5dd61ff45e.png,,0101000000000000000000F87F000000000000F87F,,
247,21974469,60.60,2,false,2,24,2025,,,,"Московский, 68.4",Не указано,https://cdn.esoft.digital/content/cluster/layouts26/02/4d/5fcf920ec9b37623bc91488ad11938e660fd3b4d.jpeg,,0101000000B3B27DC85BAC4240D828EB3713CD4B40,POINT(37.346551 55.602149),0.54
248,22730280,92.10,3,false,7,9,2025,,,,"Филимонковское, 4",Не указано,https://cdn.esoft.digital/content/cluster/layouts/1e/38f84d0eb81639d2c4e7535a851f2340726c801e.jpeg,,0101000000000000000000F87F000000000000F87F,,
249,25578905,85.09,3,false,11,19,2025,метро Рассказовка,400.00,6.00,"Внуковское, Анны Ахматовой 11 корпус 6",Не указано,https://cdn.esoft.digital/content/cluster/layouts/78/8b855155b0d6126b3ae3101a41ea6913b9061978.png,,0101000000ED66463F1AAA4240A6D425E318D14B40,POINT(37.328926 55.633572),0.345
