rating_position,school_name,okrug,district,address,top_50,location
1,Школа № 1502 «Энергия»,Восточный,Ивановское,Россия. город Москва. улица Молостовых. дом 10А,T,POINT(37.83043 55.76068)
2,Школа № 444,Восточный,Измайлово,Россия. город Москва. 8-я Парковая улица. дом 9,T,POINT(37.79646 55.79134)
3,Школа № 2036,Восточный,"Косино 
Ухтомский",Россия. город Москва. улица Татьяны Макаровой. дом 2,T,POINT(37.88700 55.71049)
4,Гимназия № 1543,Западный,"Тропарёво 
Никулино",Россия. город Москва. улица 26 Бакинских комиссаров. дом 3. корп. 5,T,POINT(37.48615 55.65608)
5,Школа № 2070,Новомосковский Коммунарка,,Россия. город Москва. поселок Коммунарка. улица Липовый Парк. дом 5А,T,POINT(37.49380 55.56751)
6,Школа «ЛЕТОВО»,Новомосковский Коммунарка,,Россия. город Москва. поселение Сосенское. улица Зименковская. дом 3,T,POINT(37.53305 55.66587)
7,Школа № 1568 им. Пабло Неруды,"Северо 
Восточный","Южное 
Медведково",Россия. город Москва. проезд Шокальского. дом 11. корп. 3,T,POINT(37.64155 55.87427)
8,Курчатовская школа,Северо Западный,Щукино,Россия. город Москва. улица Маршала Конева. дом 10,T,POINT(37.48846 55.79718)
9,Лицей НИУ ВШЭ,Центральный,Басманный,Россия. город Москва. Лялин переулок. дом 3А,T,POINT(37.65235 55.76083)
10,Школа № 1501,Центральный,Тверской,Россия. город Москва. Тихвинский переулок. дом 3,T,POINT(37.59577 55.78776)
11,Школа № 179,Центральный,Тверской,Россия. город Москва. улица Большая Дмитровка. дом 5/6. стр. 7,T,POINT(37.61471 55.75967)
12,Пятьдесят седьмая школа,Центральный,Хамовники,Россия. город Москва. Малый Знаменский переулок. дом 7/10. стр. 5,T,POINT(37.60491 55.74868)
13,Школа № 1535,Центральный,Хамовники,Россия. город Москва. улица Усачёва. дом 50,T,POINT(37.56479 55.72591)
14,Школа ЦПМ,Центральный,Хамовники,Россия. город Москва. Олимпийский проспект. дом 11. стр. 1,T,POINT(37.62169 55.79064)
15,Школа № 1363,Юго-Восточный,"Выхино 
Жулебино",Россия. город Москва. Ферганская улица. дом 7,T,POINT(37.80519 55.71171)
16,Школа им. Маршала В.И. Чуйкова,Юго-Восточный,Кузьминки,Россия. город Москва. Зеленодольская улица. дом 32. корп. 6,T,POINT(37.76687 55.71162)
17,Лицей «Вторая школа» им. Овчинникова,Юго-Западный,Гагаринский,Россия. город Москва. улица Фотиевой. дом 18,T,POINT(37.55632 55.69799)
18,Школа № 2007 ФМШ,Юго-Западный,Южное Бутово,Россия. город Москва. улица Горчакова. дом 9. корп. 1,T,POINT(37.53276 55.54475)
19,Бауманская инженерная школа № 1580,Южный,Нагорный,Россия. город Москва. Балаклавский проспект. дом 6А,T,POINT(37.61300 55.64149)
20,Школа № 548 «Царицыно»,Южный,"Орехово 
Борисово Южное",Россия. город Москва. улица Маршала Захарова. дом 8. корп. 1,T,POINT(37.70202 55.62353)
21,Школа № 1504,Восточный,Ивановское,Россия. город Москва. улица Саянская. дом 13,T,POINT(37.82357 55.76820)
22,Школа № 2127,Восточный,Новокосино,Россия. город Москва. Салтыковская улица. дом 13Б,T,POINT(37.86329 55.73779)
23,Школа № 67,Западный,Дорогомилово,Россия. город Москва. Кутузовский проспект. дом 10,T,POINT(37.55889 55.74868)
24,Школа «Технологии обучения»,Западный,Дорогомилово,Россия. город Москва. Резервный проезд. дом 10,T,POINT(37.55009 55.74115)
25,Шуваловская школа № 1448,Западный,Раменки,Россия. город Москва. Мичуринский проспект. дом 5. корп. 1,T,POINT(37.51260 55.70248)
26,СУНЦ МГУ (школа им. Колмогорова),Западный,Раменки,Россия. город Москва. Кременчугская улица. дом 11,T,POINT(37.46429 55.71947)
27,Университетская гимназия МГУ,Западный,Раменки,Россия. город Москва. Ломоносовский проспект. дом 27. корп. 11,T,POINT(37.52045 55.70059)
28,Школа № 1542,Западный,Солнцево,Россия. город Москва. улица Авиаторов. дом 28,T,POINT(37.40825 55.64242)
29,Школа на проспекте Вернадского,Западный,"Тропарёво 
Никулино",Россия. город Москва. проспект Вернадского. дом 127. корп. 2,T,POINT(37.48359 55.65353)
30,Школа № 1317,Западный,"Тропарёво 
Никулино",Россия. город Москва. улица Академика Анохина. дом 4. корп. 5,T,POINT(37.47042 55.67137)
31,Школа № 1329,Западный,"Тропарёво 
Никулино",Россия. город Москва. улица Никулинская. дом 10,T,POINT(37.46427 55.66547)
32,Образовательный центр «Протон»,Западный,Филевский парк,Россия. город Москва. Большая Филёвская улица. дом 15,T,POINT(37.49849 55.74756)
33,Школа № 1194,Зеленоградский,Крюково,Россия. город Москва. г. Зеленоград. корпус 1530,T,POINT(37.15632 55.98199)
34,Школа № 1557 имени П.Л. Капицы,Зеленоградский,Савелки,Россия. город Москва. г. Зеленоград. корпус 369,T,POINT(37.18291 55.97803)
35,Школа № 2083,Новомосковский Щербинка,,Россия. город Москва. поселение Рязановское. улица Знамя Октября. дом 40,T,POINT(37.53918 55.47698)
36,Школа № 152,Северный,Аэропорт,Россия. город Москва. 1-я Аэропортовская улица. дом 1,T,POINT(37.53504 55.80042)
37,Школа № 1575,Северный,Аэропорт,Россия. город Москва. улица Планетная. дом 33,T,POINT(37.54337 55.80346)
38,Школа № 2098 имени Л.М. Доватора,Северный,"Западное 
Дегунино",Россия. город Москва. Ангарская улица. дом 22А,T,POINT(37.51926 55.87431)
39,Школа № 1252 имени Сервантеса,Северный,Сокол,Россия. город Москва. улица Дубосековская. дом 3,T,POINT(37.49643 55.80999)
40,Школа № 218,Северный,Тимирязевский,Россия. город Москва. Дмитровское шоссе. дом 5А,T,POINT(37.57520 55.81217)
41,Школа № 1474,Северный,Ховрино,Россия. город Москва. Клинская улица. дом 22,T,POINT(37.49029 55.87164)
42,Пансион воспитанниц МО РФ,Северный,Хорошевский,Россия. город Москва. улица Поликарпова. дом 21,T,POINT(37.54422 55.77471)
43,Лицей Финансового университета,Северный,Хорошевский,Россия. город Москва. Ленинградский проспект. дом 51. корп. 4,T,POINT(37.52678 55.80086)
44,Школа № 1558 имени Росалии де Кастро,"Северо 
Восточный",Бабушкинский,Россия. город Москва. улица Ленская. дом 28. корп. 1,T,POINT(37.65436 55.86891)
45,Школа № 1449 имени М.В. Водопьянова,"Северо 
Восточный",Лианозово,Россия. город Москва. Угличская улица. дом 6А,T,POINT(37.57018 55.89487)
46,Школа Марьина Роща имени В.Ф. Орлова,"Северо 
Восточный",Марьина роща,Россия. город Москва. улица Двинцев. дом 10,T,POINT(37.60049 55.79539)
47,Школа № 1518,"Северо 
Восточный",Останкинский,Россия. город Москва. проспект Мира. дом 87,T,POINT(37.63502 55.80366)
48,Школа № 1537 «Информационные технологии»,"Северо 
Восточный",Ярославский,Россия. город Москва. улица Проходчиков. дом 9,T,POINT(37.71925 55.87444)
49,Школа № 1298 «Профиль Куркино»,"Северо 
Западный",Куркино,Россия. город Москва. Юровская улица. дом 99,T,POINT(37.38504 55.90039)
50,Школа № 1538,"Северо 
Западный",Митино,Россия. город Москва. Новотушинский проезд. дом 8. корп. 2,T,POINT(37.38232 55.83927)
51,Школа № 1571,"Северо 
Западный",Северное Тушино,Россия. город Москва. улица Фомичёвой. дом 1. корп. 1,F,POINT(37.44678 55.85745)
52,Школа № 1517,"Северо 
Западный","Хорошево 
Мневники",Россия. город Москва. Карамышевская набережная. дом 54. корп. 2,F,POINT(37.46297 55.77507)
53,Школа «Покровский квартал»,Центральный,Басманный,Россия. город Москва. Большой Казённый переулок. дом 9,F,POINT(37.65575 55.76034)
54,Школа № 2107,Центральный,Мещанский,Россия. город Москва. улица Щепкина. дом 68,F,POINT(37.63006 55.78756)
55,Школа № 2123 имени Мигеля Эрнандеса,Центральный,Пресненский,Россия. город Москва. Столовый переулок. дом 10/2. стр. 1,F,POINT(37.59478 55.75679)
56,Школа № 1529 имени А.С. Грибоедова,Центральный,Хамовники,Россия. город Москва. 2-й Обыденский переулок. дом 9,F,POINT(37.60334 55.74140)
57,Школа № 171,Центральный,Хамовники,Россия. город Москва. 2-я Фрунзенская улица. дом 7А,F,POINT(37.57943 55.72227)
58,Школа № 1359 имени М.Л. Миля,Юго-Восточный,"Выхино 
Жулебино",Россия. город Москва. Пронская улица. дом 4. корп. 1,F,POINT(37.84466 55.70170)
59,Школа № 1547,Юго-Восточный,Марьино,Россия. город Москва. Белореченская улица. дом 47. корп. 1,F,POINT(37.77658 55.66229)
60,Школа № 2048,Юго-Восточный,Некрасовка,Россия. город Москва. улица Липчанского. дом 6А,F,POINT(37.93812 55.70362)
61,Академическая школа № 1534,Юго-Западный,Академический,Россия. город Москва. улица Кедрова. дом 11,F,POINT(37.57427 55.68508)
62,Школа «Воробьевы горы»,Юго-Западный,Гагаринский,Россия. город Москва. улица Фотиевой. дом 14. корп. 3,F,POINT(37.55824 55.69905)
63,Школа № 1533 «ЛИТ»,Юго-Западный,Гагаринский,Россия. город Москва. Ломоносовский проспект. дом 16,F,POINT(37.54374 55.69235)
64,Школа № 192,Юго-Западный,Гагаринский,Россия. город Москва. Ленинский проспект. дом 34А,F,POINT(37.57482 55.70676)
65,Школа № 1514,Юго-Западный,Ломоносовский,Россия. город Москва. улица Новаторов. дом 22,F,POINT(37.52592 55.66623)
66,Школа № 109,Юго-Западный,Теплый Стан,Россия. город Москва. улица Академика Бакулева. дом 20,F,POINT(37.47559 55.64070)
67,Школа № 1532,Юго-Западный,Теплый Стан,Россия. город Москва. улица Тёплый Стан. дом 13. корп. 3,F,POINT(37.49057 55.62441)
68,Школа № 1980,Юго-Западный,Южное Бутово,Россия. город Москва. Чечёрский проезд. дом 56,F,POINT(37.52747 55.53295)
69,Предуниверситарий НИЯУ МИФИ,Южный,"Москворечье 
Сабурово",Россия. город Москва. Пролетарский проспект. дом 6. корп. 3,F,POINT(37.65216 55.64819)
70,Школа № 1158,Южный,"Чертаново 
Северное",Россия. город Москва. микрорайон Северное Чертаново. корпус 810,F,POINT(37.59157 55.63319)
71,Школа № 1797 «Богородская»,Восточный,Богородское,Россия. город Москва. 3-я Гражданская улица. дом 64,F,POINT(37.71155 55.80854)
72,Вешняковская школа имени В.П. Бехтина,Восточный,Вешняки,Россия. город Москва. Кетчерская улица. дом 8А,F,POINT(37.82545 55.74267)
73,Школа № 1512 имени Алии Молдагуловой,Восточный,Вешняки,Россия. город Москва. улица Молдагуловой. дом 13А,F,POINT(37.82957 55.72106)
74,Школа № 1290,Восточный,Измайлово,Россия. город Москва. Первомайская улица. дом 59,F,POINT(37.79314 55.79376)
75,Школа № 2026,Восточный,"Косино 
Ухтомский",Россия. город Москва. улица Медведева. дом 6,F,POINT(37.88533 55.71808)
76,Школа № 2031,Восточный,"Косино 
Ухтомский",Россия. город Москва. улица Дмитриевского. дом 13. стр. 1,F,POINT(37.89125 55.71010)
77,Школа № 1505 «Преображенская»,Восточный,Преображенское,Россия. город Москва. Большая Черкизовская улица. дом 21. стр. 2,F,POINT(37.73631 55.80008)
78,Школа № 1748 «Вертикаль»,Восточный,"Северное 
Измайлово",Россия. город Москва. Сиреневый бульвар. дом 73. корп. 3,F,POINT(37.82806 55.80486)
79,Школа № 1362,Восточный,Соколиная Гора,Россия. город Москва. улица Благуша. дом 6,F,POINT(37.72364 55.78054)
80,Школа № 1584,Западный,Кунцево,Россия. город Москва. Рублевское шоссе. дом 24. корп. 3,F,POINT(37.43358 55.73975)
81,Школа № 1400,Западный,Можайский,Россия. город Москва. Можайское шоссе. дом 38. корп. 7,F,POINT(37.41111 55.72109)
82,Школа № 1018,Западный,"Ново 
Переделкино",Россия. город Москва. улица Шолохова. дом 20,F,POINT(37.35081 55.64143)
83,Школа № 1467,Западный,"Ново 
Переделкино",Россия. город Москва. улица Шолохова. дом 9,F,POINT(37.34736 55.63929)
84,Школа № 814,Западный,"Очаково 
Матвеевское",Россия. город Москва. Веерная улица. дом 5. корп. 3,F,POINT(37.47489 55.70670)
85,Школа № 1000,Западный,Солнцево,Россия. город Москва. улица Татьянин Парк. дом 18,F,POINT(37.42436 55.65737)
86,Школа «Интеграл»,Западный,Филевский парк,Россия. город Москва. Багратионовский проезд. дом 10,F,POINT(37.50959 55.74578)
87,Школа «Интеллектуал»,Западный,Фили-Давыдково,Россия. город Москва. улица Кременчугская. дом 11. стр. 4,F,POINT(37.46429 55.71947)
88,Школа № 1589,Западный,Фили-Давыдково,Россия. город Москва. Инициативная улица. дом 1,F,POINT(37.46141 55.71685)
89,Школа № 2101,Западный,Фили-Давыдково,Россия. город Москва. Малая Филёвская улица. дом 26. корп. 2,F,POINT(37.46268 55.73627)
90,Школа № 1150 имени К.К. Рокоссовского,Зеленоградский,Крюково,Россия. город Москва. г. Зеленоград. корпус 1609,F,POINT(37.15340 55.97561)
91,Школа № 1151,Зеленоградский,Крюково,Россия. город Москва. г. Зеленоград. корпус 1468,F,POINT(37.18287 55.98467)
92,Школа № 2065,Новомосковский,Филимонковский,Россия. город Москва. г. Московский. 3-й микрорайон. дом 8,F,POINT(37.34699 55.59573)
93,ИТ-школа имени П.Р. Поповича,Северный,Аэропорт,Россия. город Москва. улица 8 Марта. дом 17,F,POINT(37.54825 55.80592)
94,Спецшкола-интернат № 2,Северный,Аэропорт,Россия. город Москва. Большой Коптевский проезд. дом 5,F,POINT(37.53515 55.80994)
95,Школа № 1570,Северный,Беговой,Россия. город Москва. 5-я улица Ямского Поля. дом 28,F,POINT(37.57709 55.78930)
96,Школа № 224,Северный,Войковский,Россия. город Москва. Ленинградское шоссе. дом 54,F,POINT(37.48427 55.83790)
97,Школа «Дмитровский»,Северный,Дмитровский,Россия. город Москва. Дмитровское шоссе. дом 137А,F,POINT(37.53990 55.89230)
98,Школа № 1576,Северный,Коптево,Россия. город Москва. Михалковская улица. дом 14,F,POINT(37.53356 55.83855)
99,Школа № 185,Северный,Коптево,Россия. город Москва. Михалковская улица. дом 3,F,POINT(37.53524 55.83709)
100,Школа № 1590,Северный,Ховрино,Россия. город Москва. Фестивальная улица. дом 69,F,POINT(37.50291 55.86229)
101,Школа № 597 «Новое поколение»,Северный,Ховрино,Россия. город Москва. Петрозаводская улица. дом 19А,F,POINT(37.49002 55.86570)
102,Школа № 648,Северный,Ховрино,Россия. город Москва. 3-й Лихачёвский переулок. дом 2А,F,POINT(37.51689 55.84687)
103,Школа № 1287,Северный,Хорошевский,Россия. город Москва. проезд Аэропорта. дом 10,F,POINT(37.52094 55.79641)
104,Школа № 1288,Северный,Хорошевский,Россия. город Москва. Хорошёвское шоссе. дом 64А,F,POINT(37.52965 55.77800)
105,Школа № 1409,Северный,Хорошевский,Россия. город Москва. Ходынский бульвар. дом 7,F,POINT(37.53152 55.78432)
106,Школа № 1539,Северо-Восточный,Алексеевский,Россия. город Москва. Староалексеевская улица. дом 1,F,POINT(37.64178 55.81033)
107,Школа-интернат № 1 (для слепых),Северо-Восточный,Алексеевский,Россия. город Москва. 3-я Мытищинская улица. дом 5. стр. 6,F,POINT(37.64460 55.80715)
108,Школа Глория,Северо-Восточный,Бибирево,Россия. город Москва. Белозерская улица. дом 12,F,POINT(37.61617 55.89560)
109,Школа № 1430,Северо-Восточный,Лианозово,Россия. город Москва. Новгородская улица. дом 21А,F,POINT(37.57793 55.90054)
110,Школа № 1573,Северо-Восточный,Лианозово,Россия. город Москва. Псковская улица. дом 11,F,POINT(37.55277 55.90666)
111,Школа № 1955,Северо-Восточный,,Россия. город Москва. Тайнинская улица. дом 15. корп. 3,F,POINT(37.68314 55.88492)
112,Школа № 1411,Северо-Восточный,Отрадное,Россия. город Москва. улица Бестужевых. дом 23,F,POINT(37.60962 55.87214)
113,Школа «Свиблово»,Северо-Восточный,Свиблово,Россия. город Москва. улица Седова. дом 4. корп. 1,F,POINT(37.64214 55.85286)
114,Школа № 1506,Северо-Восточный,"Северное 
Медведково",Россия. город Москва. Широкая улица. дом 1А,F,POINT(37.65069 55.88983)
115,Школа № 2044 им. А.М. Серебрякова,Северо-Восточный,Северный,Россия. город Москва. Дмитровское шоссе. дом 169Б,F,POINT(37.54133 55.93230)
116,Школа № 709 им. В.И. Долгих,Северо-Восточный,Северный,Россия. город Москва. 9-я Северная линия. дом 1. корп. 2,F,POINT(37.55324 55.93452)
117,Школа № 2005,Северо-Западный,Куркино,Россия. город Москва. Воротынская улица. дом 12,F,POINT(37.39418 55.89007)
118,Школа № 1564 им. А.П. Белобородова,Северо-Западный,Митино,Россия. город Москва. улица Рословка. дом 8,F,POINT(37.36043 55.83028)
119,Школа № 1944,Северо-Западный,Митино,Россия. город Москва. улица Барышиха. дом 17. корп. 1,F,POINT(37.34962 55.84234)
120,Школа № 827,Северо-Западный,Северное Тушино,Россия. город Москва. улица Героев Панфиловцев. дом 35. корп. 2,F,POINT(37.41345 55.85494)
121,Школа № 58,Северо-Западный,Строгино,Россия. город Москва. улица Твардовского. дом 12А,F,POINT(37.39874 55.79381)
122,Хорошевская школа,Северо-Западный,"Хорошево 
Мневники",Россия. город Москва. улица Народного Ополчения. дом 9А,F,POINT(37.47037 55.77187)
123,Школа № 2097,Северо-Западный,Южное Тушино,Россия. город Москва. Аэродромная улица. дом 9,F,POINT(37.42989 55.84582)
124,Школа № 1234,Центральный,Арбат,Россия. город Москва. Новинский бульвар. дом 20,F,POINT(37.58457 55.75502)
125,Школа № 627 им. Д.Д. Лелюшенко,Центральный,Замоскворечье,Россия. город Москва. Житная улица. дом 6,F,POINT(37.62052 55.73051)
126,Школа № 2054,Центральный,Мещанский,Россия. город Москва. Трубная улица. дом 36,F,POINT(37.62592 55.77256)
127,Романовская школа,Центральный,Пресненский,Россия. город Москва. Большой Кондратьевский переулок. дом 3,F,POINT(37.58245 55.77285)
128,Школа № 1520 имени Капцовых,Центральный,Пресненский,Россия. город Москва. Леонтьевский переулок. дом 19/2. стр. 1,F,POINT(37.60462 55.76083)
129,Школа № 1950,Центральный,Пресненский,Россия. город Москва. Зоологическая улица. дом 28. стр. 1,F,POINT(37.58487 55.76645)
130,Инженерная школа № 1581,Центральный,Таганский,Россия. город Москва. Новая Басманная улица. дом 4-6. стр. 4,F,POINT(37.65510 55.76844)
131,Школа № 498,Центральный,Таганский,Россия. город Москва. улица Народная. дом 11. стр. 2,F,POINT(37.65199 55.73786)
132,Школа № 1574,Центральный,Тверской,Россия. город Москва. 1-я Миусская улица. дом 4,F,POINT(37.59691 55.77978)
133,Школа № 1253,Центральный,Хамовники,Россия. город Москва. улица Зубовская. дом 3,F,POINT(37.58486 55.73773)
134,Сеченовский Университет (Предуниверсарий),Центральный,Хамовники,Россия. город Москва. 2-я Бородинская улица. дом 11,F,POINT(37.56736 55.74845)
135,Школа № 1799,Центральный,Якиманка,Россия. город Москва. 1-й Кадашёвский переулок. дом 3. стр. 1,F,POINT(37.62146 55.74422)
136,Школа № 1420,Юго-Восточный,"Выхино 
Жулебино",Россия. город Москва. Ташкентская улица. дом 21. корп. 2,F,POINT(37.81499 55.70088)
137,Школа № 1793 имени А.К. Новикова,Юго-Восточный,"Выхино 
Жулебино",Россия. город Москва. Жулебинский бульвар. дом 38,F,POINT(37.84785 55.68395)
138,Школа № 1208 имени М.С. Шумилова,Юго-Восточный,Кузьминки,Россия. город Москва. Зеленодольская улица. дом 33. корп. 3,F,POINT(37.77120 55.70774)
139,Марьинская школа № 1566,Юго-Восточный,Марьино,Россия. город Москва. Люблинская улица. дом 173,F,POINT(37.74848 55.64708)
140,Школа «Марьино» имени А.Е. Голованова,Юго-Восточный,Марьино,Россия. город Москва. Батайский проезд. дом 23,F,POINT(37.72042 55.64377)
141,Школа имени Артема Боровика,Юго-Восточный,Марьино,Россия. город Москва. улица Братиславская. дом 4,F,POINT(37.75119 55.66547)
142,Школа № 1357 «На Братиславской»,Юго-Восточный,Марьино,Россия. город Москва. улица Перерва. дом 44,F,POINT(37.73566 55.65181)
143,Школа № 2087 «Открытие»,Юго-Восточный,Марьино,Россия. город Москва. улица Перерва. дом 12,F,POINT(37.72160 55.65174)
144,Школа № 491 «Марьино»,Юго-Восточный,Марьино,Россия. город Москва. Новочеркасский бульвар. дом 17,F,POINT(37.72077 55.64905)
145,Школа в Некрасовке,Юго-Восточный,Некрасовка,Россия. город Москва. улица Льва Яшина. дом 3,F,POINT(37.92294 55.69941)
146,Школа № 2051,Юго-Восточный,Некрасовка,Россия. город Москва. проспект Защитников Москвы. дом 9. корп. 2,F,POINT(37.91872 55.70204)
147,Школа № 1367,Юго-Восточный,Рязанский,Россия. город Москва. Волжский бульвар. дом 6. корп. 3,F,POINT(37.73660 55.71750)
148,Школа № 777 имени Е.В. Михайлова,Юго-Восточный,Рязанский,Россия. город Москва. улица Шарикоподшипниковская. дом 14А,F,POINT(37.67357 55.71879)
149,Школа № 654 имени А.Д. Фридмана,Юго-Восточный,Текстильщики,Россия. город Москва. улица Юных Ленинцев. дом 35. корп. 2,F,POINT(37.74423 55.70095)
150,Школа № 199,Юго-Западный,Академический,Россия. город Москва. улица Ивана Бабушкина. дом 15. корп. 2,F,POINT(37.56245 55.68520)
151,Школа № 625,Юго-Западный,Академический,Россия. город Москва. улица Шверника. дом 17. корп. 2,F,POINT(37.59299 55.69235)
152,Школа № 2086,Юго-Западный,Гагаринский,Россия. город Москва. Университетский проспект. дом 3,F,POINT(37.55060 55.69437)
153,Школа № 17,Юго-Западный,Коньково,Россия. город Москва. улица Островитянова. дом 53. корп. 4,F,POINT(37.53973 55.63715)
154,Школа № 117,Юго-Западный,Ломоносовский,Россия. город Москва. улица Академика Пилюгина. дом 14А,F,POINT(37.53401 55.67212)
155,Школа № 118,Юго-Западный,Ломоносовский,Россия. город Москва. Нахимовский проспект. дом 35. корп. 4,F,POINT(37.57488 55.67313)
156,Школа № 2114,Юго-Западный,Северное Бутово,Россия. город Москва. бульвар Дмитрия Донского. дом 14А,F,POINT(37.57063 55.56538)
157,Школа № 1507,Юго-Западный,Теплый Стан,Россия. город Москва. Профсоюзная улица. дом 132. корп. 9,F,POINT(37.50695 55.63081)
158,Школа № 1948 «Лингвист-М»,Юго-Западный,Черемушки,Россия. город Москва. Новочерёмушкинская улица. дом 64. корп. 2,F,POINT(37.55791 55.66446)
159,Школа № 1354 «Вектор»,Юго-Западный,Южное Бутово,Россия. город Москва. улица Изюмская. дом 38. корп. 1,F,POINT(37.56386 55.54812)
160,Школа № 1883 «Бутово»,Юго-Западный,Южное Бутово,Россия. город Москва. улица Поляны. дом 53,F,POINT(37.54715 55.54950)
161,Школа № 2009,Юго-Западный,Южное Бутово,Россия. город Москва. улица Адмирала Лазарева. дом 40. корп. 2,F,POINT(37.52104 55.54519)
162,Школа № 508,Южный,"Бирюлево 
Восточное",Россия. город Москва. Элеваторная улица. дом 4. корп. 2,F,POINT(37.65558 55.60022)
163,Школа № 947,Южный,"Бирюлево 
Восточное",Россия. город Москва. Лебедянская улица. дом 16,F,POINT(37.67453 55.58452)
164,Школа № 1553 им. В.И. Вернадского,Южный,Даниловский,Россия. город Москва. Дербеневская улица. дом 13,F,POINT(37.64896 55.72102)
165,Школа № 1552,Южный,Зябликово,Россия. город Москва. улица Мусы Джалиля. дом 25,F,POINT(37.74659 55.61965)
166,Школа № 1569 «Созвездие»,Южный,Зябликово,Россия. город Москва. улица Мусы Джалиля. дом 36. корп. 2,F,POINT(37.73877 55.61730)
167,Школа № 1579,Южный,"Москворечье 
Сабурово",Россия. город Москва. 1-й Котляковский переулок. дом 4Б,F,POINT(37.63618 55.64639)
168,Школа № 507,Южный,"Нагатино 
Садовники",Россия. город Москва. Нагатинская улица. дом 18. корп. 1,F,POINT(37.65173 55.67807)
169,Школа № 544,Южный,Орехово-Борисово Южное,Россия. город Москва. Булатниковская улица. дом 1А,F,POINT(37.65447 55.57713)
170,Школа № 1173,Южный,"Чертаново 
Центральное",Россия. город Москва. Чертановская улица. дом 14А,F,POINT(37.59693 55.62920)
171,Школа № 1811 «Восточное Измайлово»,Восточный,"Восточное 
Измайлово",Россия. город Москва. Первомайская улица. дом 111,F,POINT(37.81470 55.79390)
172,Школа № 1352,Восточный,Гольяново,Россия. город Москва. Щёлковское шоссе. дом 79А,F,POINT(37.80805 55.81304)
173,Измайловская школа № 1508,Восточный,Измайлово,Россия. город Москва. 9-я Парковая улица. дом 42,F,POINT(37.79979 55.79893)
174,Школа № 1852,Восточный,Перово,Россия. город Москва. 2-я Владимирская улица. дом 22А,F,POINT(37.77924 55.75594)
175,Школа № 1080,Восточный,Преображенское,Россия. город Москва. Знаменская улица. дом 12/15,F,POINT(37.72032 55.80201)
176,Школа № 2033,Восточный,"Северное 
Измайлово",Россия. город Москва. 3-я Парковая улица. дом 40,F,POINT(37.78307 55.80309)
177,Школа № 1371 «Крылатское»,Западный,Крылатское,Россия. город Москва. Осенний бульвар. дом 16. корп. 5,F,POINT(37.41205 55.76128)
178,Школа № 1293,Западный,Кунцево,Россия. город Москва. Оршанская улица. дом 10. корп. 2,F,POINT(37.41053 55.74230)
179,Школа № 1238,Западный,"Ново 
Переделкино",Россия. город Москва. Чоботовская улица. дом 19,F,POINT(37.34754 55.64565)
180,Школа № 2025,Западный,"Очаково 
Матвеевское",Россия. город Москва. Большая Очаковская улица. дом 39. корп. 2,F,POINT(37.44774 55.67526)
181,Школа № 1306 — «Школа молодых политиков»,Западный,Раменки,Россия. город Москва. Мичуринский проспект. дом 15. корп. 2,F,POINT(37.50899 55.69827)
182,Школа № 1434 «Раменки»,Западный,Раменки,Россия. город Москва. улица Раменки. дом 15. корп. 1,F,POINT(37.50033 55.69074)
183,Школа № 1002,Западный,Солнцево,Россия. город Москва. Солнцевский проспект. дом 16А,F,POINT(37.40358 55.65302)
184,Школа № 1347,Западный,Солнцево,Россия. город Москва. улица Главмосстроя. дом 28,F,POINT(37.40638 55.65798)
185,Школа № 2117,Новомосковский,Щербинка,Россия. город Москва. город Щербинка. улица 40 лет Октября. дом 5/1,F,POINT(37.56968 55.51168)
186,Школа «Бескудниково»,Северный,Бескудниковский,Россия. город Москва. Бескудниковский бульвар. дом 50Б,F,POINT(37.54160 55.87537)
187,Школа № 201 им. Зои и Александра Космодемьянских,Северный,Войковский,Россия. город Москва. улица Зои и Александра Космодемьянских. дом 3. стр. 1,F,POINT(37.50723 55.82156)
188,Школа № 1315,Северный,Головинский,Россия. город Москва. Конаковский проезд. дом 5,F,POINT(37.48102 55.84592)
189,Школа № 1583 им. К.А. Керимова,Северный,Головинский,Россия. город Москва. Смольная улица. дом 37А,F,POINT(37.47905 55.86044)
190,Школа № 1251 им. генерала Шарля де Голля,Северный,Сокол,Россия. город Москва. улица Сальвадора Альенде. дом 9,F,POINT(37.50669 55.79423)
191,Школа № 1415 «Останкино»,Северо-Восточный,Останкинский,Россия. город Москва. 1-я Останкинская улица. дом 29,F,POINT(37.62451 55.82468)
192,Школа № 962,Северо-Восточный,Отрадное,Россия. город Москва. улица Санникова. дом 3. корп. 3,F,POINT(37.59286 55.85967)
193,Школа № 1499 имени И.А. Докукина,Северо-Восточный,Ростокино,Россия. город Москва. Ростокинская улица. дом 3,F,POINT(37.66052 55.83558)
194,Школа № 138,Северо-Западный,"Хорошево 
Мневники",Россия. город Москва. улица Генерала Глаголева. дом 10. корп. 2,F,POINT(37.46441 55.78122)
195,Школа № 1522 имени В.И. Чуркина,Северо-Западный,"Хорошево 
Мневники",Россия. город Москва. улица Народного Ополчения. дом 16. корп. 4,F,POINT(37.48209 55.77281)
196,Школа № 1551,Северо-Западный,Южное Тушино,Россия. город Москва. улица Фабрициуса. дом 6. корп. 2,F,POINT(37.45064 55.84590)
197,Школа № 1259,Центральный,Замоскворечье,Россия. город Москва. 5-й Монетчиковский переулок. дом 7,F,POINT(37.63206 55.73206)
198,Экономический лицей РЭУ им. Плеханова,Центральный,Замоскворечье,Россия. город Москва. улица Зацепа. дом 41. корп. 4,F,POINT(37.62929 55.72889)
199,Школа № 2030,Центральный,Пресненский,Россия. город Москва. 2-я Звенигородская улица. дом 8,F,POINT(37.55571 55.76006)
200,Школа № 1468,Центральный,Таганский,Россия. город Москва. Брошевский переулок. дом 21,F,POINT(37.67253 55.73511)
201,Школа № 2104 на Таганке,Центральный,Таганский,Россия. город Москва. 1-й Котельнический переулок. дом 5,F,POINT(37.64618 55.74365)
202,Школа № 1540,Центральный,Тверской,Россия. город Москва. Новослободская улица. дом 57. стр. 1,F,POINT(37.59220 55.78689)
203,Предуниверситарий МГЛУ,Центральный,Хамовники,Россия. город Москва. Хилков переулок. дом 3А,F,POINT(37.59822 55.73721)
204,Школа имени В.В. Маяковского,Юго-Восточный,Южнопортовый,Россия. город Москва. 1-я улица Машиностроения. дом 12. корп. 2,F,POINT(37.67174 55.71331)
205,Школа № 1279 «Эврика»,Юго-Западный,Зюзино,Россия. город Москва. Азовская улица. дом 2. корп. 2,F,POINT(37.60387 55.66299)
206,Школа № 1273,Юго-Западный,Коньково,Россия. город Москва. улица Академика Капицы. дом 14А,F,POINT(37.52240 55.62828)
207,Школа № 626 имени Н.И. Сац,Юго-Западный,Котловка,Россия. город Москва. Севастопольский проспект. дом 43А,F,POINT(37.59004 55.67181)
208,Школа № 2006,Юго-Западный,Северное Бутово,Россия. город Москва. улица Грина. дом 18. корп. 3,F,POINT(37.58239 55.56615)
209,Школа № 1101,Юго-Западный,Теплый Стан,Россия. город Москва. улица Академика Варги. дом 34,F,POINT(37.47806 55.63390)
210,Школа № 1205,Юго-Западный,Черемушки,Россия. город Москва. улица Архитектора Власова. дом 19А,F,POINT(37.55433 55.67683)
211,Школа № 1355,Юго-Западный,Южное Бутово,Россия. город Москва. 3-я Железногорская улица. дом 11А,F,POINT(37.54824 55.52168)
212,Школа № 1492,Юго-Западный,Южное Бутово,Россия. город Москва. улица Адмирала Лазарева. дом 62. корп. 2,F,POINT(37.50886 55.54049)
213,Школа № 1034 имени В.В. Маркина,Южный,Братеево,Россия. город Москва. Братеевская улица. дом 8. корп. 2,F,POINT(37.75785 55.63097)
214,Школа № 2116 «Зябликово»,Южный,Зябликово,Россия. город Москва. Задонский проезд. дом 34. корп. 3,F,POINT(37.75452 55.62056)
215,Школа № 1375,Южный,"Нагатино 
Садовники",Россия. город Москва. Нагатинская набережная. дом 24,F,POINT(37.65667 55.68134)
216,Школа № 1770,Южный,"Нагатинский 
затон",Россия. город Москва. Коломенская набережная. дом 20,F,POINT(37.69533 55.67632)
217,Школа № 878,Южный,Орехово-Борисово Северное,Россия. город Москва. Шипиловский проезд. дом 37. корп. 2,F,POINT(37.69785 55.61378)
218,Школа № 949,Южный,Орехово-Борисово Южное,Россия. город Москва. Воронежская улица. дом 46. корп. 3,F,POINT(37.75388 55.60928)
219,Школа № 1582,Южный,"Чертаново 
Центральное",Россия. город Москва. Кировоградская улица. дом 18. корп. 4,F,POINT(37.60133 55.61806)
220,Школа № 629,Южный,Чертаново Южное,Россия. город Москва. улица Маршала Батицкого. дом 12,F,POINT(38.08186 55.75827)
221,Школа № 1516,Восточный,Гольяново,Россия. город Москва. Хабаровская улица. дом 4А,F,POINT(37.83175 55.81674)
222,Школа № 922,Восточный,Ивановское,Россия. город Москва. улица Молостовых. дом 6А,F,POINT(37.82856 55.76282)
223,Школа № 1246,Восточный,Метрогородок,Россия. город Москва. Открытое шоссе. дом 24. корп. 7,F,POINT(37.75389 55.82018)
224,Школа № 1795 «Лосиноостровская»,Восточный,Метрогородок,Россия. город Москва. Открытое шоссе. дом 23А,F,POINT(37.75235 55.82694)
225,Школа № 2072,Восточный,Новогиреево,Россия. город Москва. Перовская улица. дом 66Г,F,POINT(37.80173 55.74360)
226,Школа № 429 «Соколиная гора»,Восточный,Соколиная Гора,Россия. город Москва. проспект Будённого. дом 15А,F,POINT(37.72498 55.77553)
227,Школа № 1282 «Сокольники»,Восточный,Сокольники,Россия. город Москва. улица Барболина. дом 1,F,POINT(37.68465 55.78976)
228,Школа № 1530 «Школа Ломоносова»,Восточный,Сокольники,Россия. город Москва. улица Стромынка. дом 17,F,POINT(37.69651 55.79476)
229,Школа № 1440,Западный,Крылатское,Россия. город Москва. Осенний бульвар. дом 10. корп. 3,F,POINT(37.41265 55.75753)
230,Школа № 1593,Западный,Крылатское,Россия. город Москва. улица Крылатские Холмы. дом 28. корп. 1,F,POINT(37.41498 55.76487)
231,Школа № 887,Западный,Кунцево,Россия. город Москва. Молдавская улица. дом 6. корп. 2,F,POINT(37.43963 55.73202)
232,Школа № 1195 имени П.И. Меренкова,Западный,Можайский,Россия. город Москва. Вяземская улица. дом 7,F,POINT(37.40547 55.71270)
233,Школа № 1596,Западный,Ново-Переделкино,Россия. город Москва. Новопеределкинская улица. дом 9. корп. 1,F,POINT(37.36350 55.63934)
234,ЦОиС «Москва-98»,Западный,"Проспект 
Вернадского",Россия. город Москва. улица Удальцова. дом 40,F,POINT(37.51607 55.66961)
235,Школа № 1541,Западный,"Проспект 
Вернадского",Россия. город Москва. проспект Вернадского. дом 55,F,POINT(37.50430 55.67285)
236,Школа № 1498 «ММШ»,Западный,Раменки,Россия. город Москва. Мичуринский проспект. дом 23,F,POINT(37.50689 55.69441)
237,Школа № 37,Западный,Раменки,Россия. город Москва. улица Столетова. дом 3,F,POINT(37.50394 55.70326)
238,Новая школа (ОАНО),Западный,Раменки,Россия. город Москва. Мосфильмовская улица. дом 88. корп. 5,F,POINT(37.49134 55.70409)
239,Школа № 1741,Западный,"Тропарёво 
Никулино",Россия. город Москва. Никулинская улица. дом 5,F,POINT(37.45515 55.66681)
240,Школа № 2045 имени Д.А. Разумовского,Зеленоградский,Крюково,Россия. город Москва. г. Зеленоград. корпус 2312,F,POINT(37.19122 55.96779)
241,Школа № 1353 имени Д.Ф. Алексеева,Зеленоградский,Матушкино,Россия. город Москва. г. Зеленоград. Березовая аллея. дом 8А,F,POINT(37.20265 55.99507)
242,Школа № 618,Зеленоградский,Матушкино,Россия. город Москва. г. Зеленоград. корпус 429А,F,POINT(37.20766 55.99400)
243,Школа № 853,Зеленоградский,Старое Крюково,Россия. город Москва. г. Зеленоград. корпус 913А,F,POINT(37.19239 55.98510)
244,Школа № 2094,Новомосковский,Коммунарка,Россия. город Москва. улица Большое Понизовье. дом 9,F,POINT(37.41144 55.60662)
245,Школа № 547,Новомосковский,Коммунарка,Россия. город Москва. улица Сервантеса. дом 2,F,POINT(37.46079 55.59161)
246,Школа № 2109,Новомосковский,Щербинка,Россия. город Москва. улица Маршала Савицкого. дом 26. корп. 4,F,POINT(37.59657 55.50250)
247,Школа № 771,Северный,Дмитровский,Россия. город Москва. улица Софьи Ковалевской. дом 8А,F,POINT(37.53436 55.88264)
248,Школа № 2100,Северный,Западное Дегунино,Россия. город Москва. Дегунинская улица. дом 17А,F,POINT(37.52917 55.86743)
249,Школа № 1223,Северный,Коптево,Россия. город Москва. Большая Академическая улица. дом 77А,F,POINT(37.55348 55.84463)
250,Школа № 158,Северный,Левобережный,Россия. город Москва. Валдайский проезд. дом 14,F,POINT(37.46855 55.86818)
251,Школа Перспектива,Северный,Молжаниновский,Россия. город Москва. Синявинская улица. дом 11Б,F,POINT(37.34822 55.94605)
252,Школа № 1384 имени А.А. Леманского,Северный,Сокол,Россия. город Москва. улица Новопесчаная. дом 15,F,POINT(37.51545 55.79837)
253,Школа № 1454 «Тимирязевская»,Северный,Тимирязевский,Россия. город Москва. Лиственничная аллея. дом 8. стр. 1,F,POINT(37.56094 55.83478)
254,Школа № 141 имени Рихарда Зорге,Северный,Хорошевский,Россия. город Москва. улица Куусинена. дом 13,F,POINT(37.51325 55.78373)
255,Школа № 293 имени А.Т. Твардовского,Северо-Восточный,Алексеевский,Россия. город Москва. Ярославская улица. дом 27,F,POINT(37.65308 55.82736)
256,Школа № 1370,Северо-Восточный,Алтуфьевский,Россия. город Москва. Алтуфьевское шоссе. дом 42Б,F,POINT(37.58752 55.87335)
257,Школа № 953,Северо-Восточный,Бибирево,Россия. город Москва. Шенкурский проезд. дом 4А,F,POINT(37.59325 55.89141)
258,Школа № 763,Северо-Восточный,Лосиноостровский,Россия. город Москва. Анадырский проезд. дом 49,F,POINT(37.70014 55.87628)
259,Гимназия РУТ (МИИТ),Северо-Восточный,Марьина Роща,Россия. город Москва. 3-я Мытищинская улица. дом 12. стр. 1,F,POINT(37.64503 55.80318)
260,Школа «ШИК 16»,Северо-Восточный,Останкинский,Россия. город Москва. 3-я Новоостанкинская улица. дом 6,F,POINT(37.62620 55.81770)
261,Школа № 1554,Северо-Восточный,Отрадное,Россия. город Москва. улица Мусоргского. дом 5. корп. 1,F,POINT(37.62070 55.86299)
262,Школа № 950,Северо-Восточный,Отрадное,Россия. город Москва. улица Декабристов. дом 40,F,POINT(37.61902 55.85923)
263,Школа № 283,Северо-Восточный,"Северное 
Медведково",Россия. город Москва. улица Грекова. дом 11Б,F,POINT(37.65893 55.89064)
264,Школа № 1577,Северо-Восточный,Ярославский,Россия. город Москва. Ярославское шоссе. дом 8. корп. 7,F,POINT(37.68810 55.85103)
265,Школа № 1358,Северо-Западный,Митино,Россия. город Москва. Пятницкое шоссе. дом 45. корп. 2,F,POINT(37.34660 55.85693)
266,Школа № 1544,Северо-Западный,Митино,Россия. город Москва. Пятницкое шоссе. дом 12. корп. 3,F,POINT(37.38822 55.84076)
267,Школа № 1900,Северо-Западный,Митино,Россия. город Москва. Дубравная улица. дом 41. корп. 4,F,POINT(37.35693 55.84231)
268,Школа № 1286,Северо-Западный,Северное Тушино,Россия. город Москва. улица Героев Панфиловцев. дом 15,F,POINT(37.42689 55.85713)
269,Школа № 1155,Северо-Западный,Строгино,Россия. город Москва. улица Твардовского. дом 13. корп. 2,F,POINT(37.39802 55.79622)
270,Школа № 1302,Северо-Западный,Строгино,Россия. город Москва. улица Исаковского. дом 29. корп. 1,F,POINT(37.41896 55.80693)
271,Школа № 1519,Северо-Западный,Строгино,Россия. город Москва. улица Маршала Катукова. дом 21. корп. 2,F,POINT(37.41240 55.80760)
272,Школа № 1560 «Лидер»,Северо-Западный,"Хорошево 
Мневники",Россия. город Москва. улица Маршала Тухачевского. дом 17. корп. 3,F,POINT(37.48390 55.78036)
273,Школа № 1212 Щукино,Северо-Западный,Щукино,Россия. город Москва. улица Маршала Рыбалко. дом 14,F,POINT(37.48823 55.80130)
274,Школа № 2073,Троицкий,Вороново,Россия. город Москва. поселение Вороновское. п. ЛМС. мкр. Центральный. дом 34. стр. 3,F,POINT(37.58618 55.72293)
275,Гимназия имени Н.В. Пушкова,Троицкий,Троицк,Россия. город Москва. город Троицк. Школьная улица. дом 10,F,POINT(37.30067 55.47541)
276,Лицей города Троицка,Троицкий,Троицк,Россия. город Москва. город Троицк. Школьная улица. дом 10А,F,POINT(37.30080 55.47544)
277,Школа № 1392 имени Д.В. Рябинкина,Троицкий,Троицк,Россия. город Москва. поселение Десёновское. 3-я Нововатутинская улица. дом 13. корп. 3,F,POINT(37.34385 55.51800)
278,Школа № 1231 имени В.Д. Поленова,Центральный,Арбат,Россия. город Москва. Спасопесковский переулок. дом 6. строение 7,F,POINT(37.58882 55.74982)
279,Школа № 315,Центральный,Красносельский,Россия. город Москва. Русаковская улица. дом 10. строение 1,F,POINT(37.67457 55.78261)
280,Школа № 1270 «Вектор»,Центральный,Таганский,Россия. город Москва. Товарищеский переулок. дом 21,F,POINT(37.66480 55.74394)
281,Школа № 1905,Юго-Восточный,Выхино-Жулебино,Россия. город Москва. улица Маршала Полубоярова. дом 22,F,POINT(37.86026 55.68261)
282,Школа № 2010 имени М.П. Судакова,Юго-Восточный,Люблино,Россия. город Москва. Белореченская улица. дом 8,F,POINT(37.76422 55.67251)
283,Школа № 2121 имени С.К. Куркоткина,Юго-Восточный,Люблино,Россия. город Москва. Спортивный проезд. дом 3А,F,POINT(37.75388 55.68433)
284,Школа № 2089,Юго-Восточный,Некрасовка,Россия. город Москва. 1-я Вольская улица. дом 22. корп. 2,F,POINT(37.92651 55.68320)
285,Школа № 1222 имени И.Х. Баграмяна,Юго-Восточный,Нижегородский,Россия. город Москва. Нижегородская улица. дом 67,F,POINT(37.72003 55.73236)
286,Школа имени И.С. Полбина,Юго-Восточный,Печатники,Россия. город Москва. улица Полбина. дом 44,F,POINT(37.72700 55.68026)
287,Школа № 2115,Юго-Западный,Черемушки,Россия. город Москва. Новочерёмушкинская улица. дом 56. корп. 2,F,POINT(37.56381 55.66936)
288,Газпром школа (ОЧУ),Юго-Западный,Черемушки,Россия. город Москва. Новочерёмушкинская улица. дом 66,F,POINT(37.55875 55.66291)
289,Школа № 1368,Юго-Западный,Южное Бутово,Россия. город Москва. улица Академика Понтрягина. дом 17. корп. 1,F,POINT(37.50144 55.53363)
290,Школа № 1786,Юго-Западный,Южное Бутово,Россия. город Москва. улица Адмирала Лазарева. дом 77,F,POINT(37.49576 55.53455)
291,Школа № 1206,Юго-Западный,Ясенево,Россия. город Москва. Литовский бульвар. дом 3. корпус 3,F,POINT(37.53339 55.61518)
292,Школа № 1561,Юго-Западный,Ясенево,Россия. город Москва. улица Паустовского. дом 6. корпус 2,F,POINT(37.53882 55.60032)
293,Школа № 2103,Юго-Западный,Ясенево,Россия. город Москва. улица Голубинская. дом 5. корпус 3,F,POINT(37.51725 55.60568)
294,Школа № 667 имени К.Я. Самсонова,Южный,Бирюлево Западное,Россия. город Москва. Востряковский проезд. дом 13А. строение 1,F,POINT(37.64518 55.57787)
295,Школа № 1998 «Лукоморье»,Южный,Братеево,Россия. город Москва. улица Борисовские Пруды. дом 12. корпус 3,F,POINT(37.74252 55.63457)
296,Школа № 463 имени Д.Н. Медведева,Южный,Нагатинский затон,Россия. город Москва. Судостроительная улица. дом 10. корпус 1,F,POINT(37.67191 55.67926)
297,Школа № 1862,Южный,Нагорный,Россия. город Москва. Черноморский бульвар. дом 6. строение 1,F,POINT(37.61368 55.64614)
298,Школа № 904,Южный,Царицыно,Россия. город Москва. Кавказский бульвар. дом 16. корпус 2,F,POINT(37.66550 55.63357)
299,Школа № 1245,Южный,Чертаново Южное,Россия. город Москва. Кировоградская улица. дом 42. корпус 2,F,POINT(37.59333 55.59998)
300,Школа № 924,Южный,Чертаново Южное,Россия. город Москва. улица Газопровод. дом 5А,F,POINT(37.60436 55.59070)
301,Школа № 1360,Восточный,Богородское,Россия. город Москва. Краснобогатырская улица. дом 21А,F,POINT(37.70182 55.81284)
302,Школа № 734 имени А.Н. Тубельского,Восточный,"Восточное 
Измайлово",Россия. город Москва. Сиреневый бульвар. дом 58А,F,POINT(37.82415 55.80126)
303,Школа № 1598,Восточный,Гольяново,Россия. город Москва. Камчатская улица. дом 6,F,POINT(37.81395 55.82783)
304,Школа № 368 «Лосиный остров»,Восточный,Гольяново,Россия. город Москва. Уссурийская улица. дом 12,F,POINT(37.81788 55.82218)
305,Школа № 1798 «Феникс»,Восточный,Новогиреево,Россия. город Москва. Зелёный проспект. дом 75. строение 3,F,POINT(37.81410 55.75259)
306,Школа № 1591,Восточный,Новокосино,Россия. город Москва. Новокосинская улица. дом 40А,F,POINT(37.87310 55.74087)
307,Московская международная школа,Восточный,Перово,Россия. город Москва. 3-я Владимирская улица. дом 5,F,POINT(37.78675 55.76225)
308,Школа № 1637,Восточный,Перово,Россия. город Москва. 3-я Владимирская улица. дом 12А,F,POINT(37.78361 55.75950)
309,Школа № 2126 «Перово»,Восточный,Перово,Россия. город Москва. улица Плющева. дом 11А,F,POINT(37.76269 55.74263)
310,Школа № 920,Восточный,Перово,Россия. город Москва. Перовская улица. дом 24,F,POINT(37.76988 55.74606)
311,Школа № 2200,Восточный,"Северное 
Измайлово",Россия. город Москва. 5-я Парковая улица. дом 58Б,F,POINT(37.79052 55.80485)
312,Школа-интернат № 30 им. К.А. Микаэльяна,Восточный,Сокольники,Россия. город Москва. улица Олений Вал. дом 22,F,POINT(37.69352 55.80021)
313,Школа № 56 имени академика В.А. Легасова,Западный,Дорогомилово,Россия. город Москва. Кутузовский проспект. дом 22. корп. 1,F,POINT(37.54929 55.74603)
314,Школа № 64,Западный,Кунцево,Россия. город Москва. Партизанская улица. дом 30. корп. 2,F,POINT(37.41413 55.73638)
315,Школа № 806,Западный,Кунцево,Россия. город Москва. Полоцкая улица. дом 21,F,POINT(37.42349 55.73269)
316,Западный комплекс непрерывного образования,Западный,Можайский,Россия. город Москва. Гвардейская улица. дом 15. корп. 2,F,POINT(37.42197 55.72480)
317,Международная гимназия «Сколково»,Западный,Можайский,Россия. город Москва. улица Зворыкина. дом 4,F,POINT(37.35065 55.69343)
318,Школа № 14,Западный,"Тропарёво 
Никулино",Россия. город Москва. улица Академика Анохина. дом 32,F,POINT(37.46576 55.66220)
319,Школа № 875,Западный,"Тропарёво 
Никулино",Россия. город Москва. проспект Вернадского. дом 101. корп. 5,F,POINT(37.49140 55.66438)
320,Школа № 1248,Западный,Фили-Давыдково,Россия. город Москва. Давыдковская улица. дом 2. корп. 6,F,POINT(37.47366 55.72542)
321,Школа № 97,Западный,Фили-Давыдково,Россия. город Москва. Кременчугская улица. дом 46,F,POINT(37.45615 55.71217)
322,Школа № 1788,Новомосковский,Внуково,Россия. город Москва. улица Авиаконструктора Петлякова. дом 17,F,POINT(37.30991 55.62187)
323,Школа № 338 им. Героя Сов. Союза А.Ф. Авдеева,Новомосковский,Коммунарка,Россия. город Москва. поселок Коммунарка. ул. Александры Монаховой. дом 94А,F,POINT(37.49156 55.55608)
324,Школа № 2120,Новомосковский,Филимонковский,Россия. город Москва. город Московский. улица Атласова. дом 7. корп. 3,F,POINT(37.35601 55.60300)
325,Школа № 2122 им. Героя Сов. Союза О.А. Юрасова,Новомосковский,Щербинка,Россия. город Москва. город Щербинка. улица Авиаторов. дом 9,F,POINT(37.53150 55.51489)
326,Школа № 1550,Северный,Беговой,Россия. город Москва. Беговая улица. дом 19,F,POINT(37.55980 55.78247)
327,Школа имени Героя РФ Е.Н. Чернышёва,Северный,Бескудниковский,Россия. город Москва. Бескудниковский проезд. дом 4Б,F,POINT(37.55557 55.87518)
328,Школа № 1383,Северный,Бескудниковский,Россия. город Москва. Дубнинская улица. дом 7,F,POINT(37.56641 55.85783)
329,Школа № 656 имени А.С. Макаренко,Северный,Бескудниковский,Россия. город Москва. Бескудниковский переулок. дом 4А,F,POINT(37.55694 55.86297)
330,Школа № 1250,Северный,Войковский,Россия. город Москва. Ленинградское шоссе. дом 27,F,POINT(37.48475 55.82955)
331,Школа № 1296,Северный,"Восточное 
Дегунино",Россия. город Москва. Керамический проезд. дом 55. корп. 3,F,POINT(37.56285 55.87782)
332,Школа № 1794 имени А.С. Чуфистова,Северный,"Восточное 
Дегунино",Россия. город Москва. Дубнинская улица. дом 34,F,POINT(37.55877 55.88476)
333,Школа № 1159,Северный,Головинский,Россия. город Москва. Солнечногорская улица. дом 7,F,POINT(37.51578 55.85861)
334,Школа № 236 имени Г.И. Щедрина,Северный,Дмитровский,Россия. город Москва. Коровинское шоссе. дом 24А,F,POINT(37.52184 55.88216)
335,Школа № 1125 имени Я.Н. Федоренко,Северный,Западное Дегунино,Россия. город Москва. Бусиновская горка. дом 7. корп. 1,F,POINT(37.49178 55.88297)
336,Школа № 1164,Северный,Савеловский,Россия. город Москва. Писцовая улица. дом 14А,F,POINT(37.57381 55.79816)
337,Школа № 1601 имени Е.К. Лютикова,Северный,Савеловский,Россия. город Москва. улица Нижняя Масловка. дом 16,F,POINT(37.57357 55.79245)
338,Школа № 1249,Северный,Сокол,Россия. город Москва. Чапаевский переулок. дом 6. стр. 2,F,POINT(37.51844 55.80125)
339,Центр «Предуниверсарий МАИ»,Северный,Сокол,Россия. город Москва. улица Панфилова. дом 20. стр. 1,F,POINT(37.49318 55.80699)
340,Школа № 1503,Северо-Восточный,Алексеевский,Россия. город Москва. улица Павла Корчагина. дом 18,F,POINT(37.66233 55.81836)
341,Школа № 1095,Северо-Восточный,Бабушкинский,Россия. город Москва. Менжинского улица. дом 7,F,POINT(37.67469 55.86770)
342,Школа № 281,Северо-Восточный,Бабушкинский,Россия. город Москва. улица Коминтерна. дом 4. корп. 1,F,POINT(37.67543 55.86102)
343,Школа № 1412,Северо-Восточный,Бибирево,Россия. город Москва. Мусоргского улица. дом 11Г,F,POINT(37.62227 55.86553)
344,Школа № 1413,Северо-Восточный,Бибирево,Россия. город Москва. Белозерская улица. дом 7,F,POINT(37.61168 55.89864)
345,Школа № 1236 имени С.В. Милашенкова,Северо-Восточный,Бутырский,Россия. город Москва. улица Милашенкова. дом 10Б,F,POINT(37.58363 55.82692)
346,Школа № 1416 «Лианозово»,Северо-Восточный,Лианозово,Россия. город Москва. Новгородская улица. дом 12,F,POINT(37.58165 55.89549)
347,Школа № 1381,Северо-Восточный,Лосиноостровский,Россия. город Москва. улица Коминтерна. дом 52,F,POINT(37.69634 55.87386)
348,Школа № 1494,Северо-Восточный,Марфино,Россия. город Москва. Большая Марфинская улица. дом 1. корп. 5,F,POINT(37.59195 55.82775)
349,Школа № 1531 имени С.К. Годовикова,Северо-Восточный,Останкинский,Россия. город Москва. улица Годовикова. дом 16А,F,POINT(37.63187 55.80869)
350,Школа № 285 имени В.А. Молодцова,Северо-Восточный,Южное Медведково,Россия. город Москва. улица Молодцова. дом 4А,F,POINT(37.64338 55.87841)
351,Школа № 956,Северо-Восточный,Южное Медведково,Россия. город Москва. Заповедная улица. дом 22,F,POINT(37.64559 55.86691)
352,Школа № 1387,Северо-Западный,Куркино,Россия. город Москва. Соколово-Мещерская улица. дом 27,F,POINT(37.38270 55.90400)
353,Школа № 1747 имени Д.М. Румянцева,Северо-Западный,Митино,Россия. город Москва. 3-й Митинский переулок. дом 12. корп. 1,F,POINT(37.35234 55.84627)
354,Школа № 830,Северо-Западный,"Покровское 
Стрешнево",Россия. город Москва. Большая Набережная улица. дом 23,F,POINT(37.45926 55.83314)
355,Школа № 883 имени М.Ф. Лукина,Северо-Западный,Северное Тушино,Россия. город Москва. Планерная улица. дом 5. корп. 2,F,POINT(37.43144 55.86044)
356,Школа № 69 имени Б.Ш. Окуджавы,Северо-Западный,Строгино,Россия. город Москва. улица Кулакова. дом 2. корп. 2,F,POINT(37.39820 55.81600)
357,Школа № 705,Северо-Западный,Строгино,Россия. город Москва. улица Кулакова. дом 12. корп. 2,F,POINT(37.39468 55.81048)
358,Школа № 1210,Северо-Западный,Щукино,Россия. город Москва. улица Гамалеи. дом 17. корп. 1,F,POINT(37.45610 55.79925)
359,Школа № 1874,Северо-Западный,Щукино,Россия. город Москва. улица Маршала Новикова. дом 13,F,POINT(37.46345 55.80333)
360,Гимназия г. Троицка,Троицкий,Троицк,Россия. город Москва. г. Троицк. Октябрьский проспект. дом 6,F,POINT(37.29378 55.47247)
361,Школа № 91,Центральный,Арбат,Россия. город Москва. Поварская улица. дом 14,F,POINT(37.59696 55.75433)
362,Школа на Яузе,Центральный,Басманный,Россия. город Москва. Большая Почтовая улица. дом 35. стр. 1,F,POINT(37.69711 55.78025)
363,Школа № 354 имени Д.М. Карбышева,Центральный,Басманный,Россия. город Москва. Лефортовский переулок. дом 10,F,POINT(37.67788 55.76935)
364,Православная Свято-Петровская школа,Центральный,Басманный,Россия. город Москва. Тетеринский переулок. дом 2А. стр. 1,F,POINT(37.64962 55.74542)
365,Пушкинская школа № 1500,Центральный,Красносельский,Россия. город Москва. Скорняжный переулок. дом 3. стр. 2,F,POINT(37.64260 55.77349)
366,Школа № 1284,Центральный,Красносельский,Россия. город Москва. Уланский переулок. дом 8,F,POINT(37.63815 55.76789)
367,Школа № 1239,Центральный,Пресненский,Россия. город Москва. Вспольный переулок. дом 6. стр. 1,F,POINT(37.58818 55.76058)
368,Школа № 1241 «На Красной Пресне»,Центральный,Пресненский,Россия. город Москва. Волков переулок. дом 11,F,POINT(37.57424 55.76355)
369,Лицей МПГУ,Центральный,Тверской,Россия. город Москва. переулок Рахмановский. дом 3. стр. 1,F,POINT(37.61844 55.76520)
370,Школа в Капотне,Юго-Восточный,Капотня,Россия. город Москва. Капотня. 5-й квартал. дом 28,F,POINT(37.79681 55.63179)
371,Школа № 641 имени Сергея Есенина,Юго-Восточный,Кузьминки,Россия. город Москва. Волгоградский проспект. дом 66. корп. 4,F,POINT(37.75695 55.70445)
372,Школа «Содружество»,Юго-Восточный,Лефортово,Россия. город Москва. Красноказарменная улица. дом 11,F,POINT(37.70101 55.75740)
373,Школа № 1228 «Лефортово»,Юго-Восточный,Лефортово,Россия. город Москва. Авиамоторная улица. дом 1,F,POINT(37.70798 55.76355)
374,Школа имени Ф.М. Достоевского,Юго-Восточный,Люблино,Россия. город Москва. улица Краснодонская. дом 2. корп. 4,F,POINT(37.75126 55.68654)
375,Школа № 460 им. А.А. Головачёва и С.Ф. Шутова,Юго-Восточный,Люблино,Россия. город Москва. Белореченская улица. дом 11,F,POINT(37.76987 55.67247)
376,Школа № 2090 им. Л.Х. Паперника,Юго-Восточный,Рязанский,Россия. город Москва. улица Паперника. дом 6. корп. 2,F,POINT(37.78945 55.71942)
377,Школа № 2129 им. П.И. Романова,Юго-Восточный,Южнопортовый,Россия. город Москва. 6-я Кожуховская улица. дом 8,F,POINT(37.67214 55.70649)
378,Школа № 45 имени Л.И. Мильграма,Юго-Западный,Академический,Россия. город Москва. улица Гримау. дом 8,F,POINT(37.57960 55.69099)
379,Школа № 1265,Юго-Западный,Гагаринский,Россия. город Москва. улица Фотиевой. дом 11,F,POINT(37.55713 55.69668)
380,Школа «Ника» (ОАНО),Юго-Западный,Зюзино,Россия. город Москва. улица Малая Юшуньская. дом 4,F,POINT(37.59502 55.65436)
381,Школа № 170 имени А.П. Чехова,Юго-Западный,Коньково,Россия. город Москва. Профсоюзная улица. дом 96Б,F,POINT(37.52805 55.64757)
382,Школа № 7,Юго-Западный,Ломоносовский,Россия. город Москва. улица Крупской. дом 12,F,POINT(37.52677 55.68507)
383,Школа № 1995,Юго-Западный,Обручевский,Россия. город Москва. улица Саморы Машела. дом 6. корп. 3,F,POINT(37.49927 55.64809)
384,Школа № 1356,Юго-Западный,Северное Бутово,Россия. город Москва. улица Профсоюзная. дом 154. корп. 2,F,POINT(37.50395 55.62184)
385,Школа № 1613,Юго-Западный,Северное Бутово,Россия. город Москва. Ратная улица. дом 6А,F,POINT(37.58783 55.57372)
386,Школа № 15,Юго-Западный,Черемушки,Россия. город Москва. улица Херсонская. дом 27А,F,POINT(37.55964 55.65224)
387,Школа № 1981,Юго-Западный,Южное Бутово,Россия. город Москва. Бартеневская улица. дом 49. корп. 4,F,POINT(37.51952 55.54489)
388,Школа им. Н.М. Карамзина,Юго-Западный,Ясенево,Россия. город Москва. проезд Карамзина. дом 13. корп. 3,F,POINT(37.54044 55.59233)
389,Школа № 1212,Юго-Западный,Ясенево,Россия. город Москва. Вильнюсская улица. дом 4,F,POINT(37.52148 55.60551)
390,Школа № 1861 «Загорье»,Южный,"Бирюлево 
Восточное",Россия. город Москва. Михневская улица. дом 8. корп. 2,F,POINT(37.67173 55.57750)
391,Школа № 902 «Диалог»,Южный,"Бирюлево 
Восточное",Россия. город Москва. Ряжская улица. дом 11,F,POINT(37.66793 55.59113)
392,Школа № 2001,Южный,Бирюлево Западное,Россия. город Москва. Харьковский проезд. дом 9Б,F,POINT(37.63960 55.59111)
393,Школа № 998,Южный,Братеево,Россия. город Москва. улица Борисовские Пруды. дом 36. корп. 2,F,POINT(37.76614 55.64010)
394,Школа № 1272,Южный,Даниловский,Россия. город Москва. 1-й Кожуховский проезд. дом 17,F,POINT(37.66377 55.70804)
395,Школа № 630 им. дважды Героя Сов. Союза Г.П. Кравченко,Южный,Донской,Россия. город Москва. Варшавское шоссе. дом 12,F,POINT(37.61889 55.69684)
396,Школа № 1450 «Олимп»,Южный,Нагорный,Россия. город Москва. Фруктовая улица. дом 9,F,POINT(37.61177 55.65865)
397,Школа № 1207,Южный,Орехово-Борисово Южное,Россия. город Москва. Домодедовская улица. дом 24. корп. 7,F,POINT(37.70937 55.60553)
398,Школа № 1466 имени Надежды Рушевой,Южный,Царицыно,Россия. город Москва. улица Бехтерева. дом 37. корп. 5,F,POINT(37.65113 55.62055)
399,Школа № 556,Южный,"Чертаново 
Центральное",Россия. город Москва. Днепропетровская улица. дом 33А,F,POINT(37.58543 55.61713)
400,Школа № 1526 на Покровской,Южный,Чертаново Южное,Россия. город Москва. Дорожная улица. дом 20А,F,POINT(37.62145 55.60248)